id,genre
0,7
1,8
2,2
3,8
4,0
5,2
6,1
7,8
8,4
9,1
10,5
11,14
12,1
13,2
14,1
15,0
16,7
17,6
18,7
19,8
20,1
21,1
22,5
23,2
24,7
25,1
26,5
27,3
28,3
29,4
30,8
31,9
32,1
33,14
34,7
35,1
36,13
37,4
38,4
39,8
40,5
41,10
42,7
43,1
44,3
45,2
46,4
47,1
48,1
49,5
50,3
51,5
52,1
53,13
54,6
55,6
56,1
57,8
58,1
59,1
60,1
61,1
62,1
63,2
64,2
65,1
66,8
67,7
68,1
69,2
70,9
71,12
72,7
73,8
74,0
75,7
76,5
77,7
78,5
79,1
80,2
81,8
82,8
83,5
84,13
85,0
86,14
87,8
88,4
89,8
90,2
91,12
92,1
93,1
94,3
95,1
96,1
97,9
98,4
99,1
100,14
101,13
102,9
103,8
104,3
105,9
106,1
107,1
108,5
109,7
110,9
111,1
112,5
113,1
114,1
115,10
116,7
117,1
118,8
119,8
120,5
121,0
122,1
123,7
124,5
125,2
126,6
127,7
128,13
129,1
130,1
131,14
132,5
133,8
134,1
135,8
136,1
137,7
138,10
139,13
140,9
141,7
142,9
143,7
144,12
145,7
146,14
147,8
148,3
149,1
150,14
151,1
152,14
153,5
154,1
155,1
156,2
157,1
158,14
159,6
160,7
161,6
162,5
163,1
164,14
165,8
166,13
167,6
168,6
169,4
170,1
171,1
172,5
173,1
174,7
175,2
176,8
177,1
178,8
179,10
180,6
181,3
182,4
183,1
184,1
185,3
186,7
187,1
188,4
189,10
190,8
191,1
192,3
193,7
194,3
195,1
196,5
197,6
198,0
199,5
200,0
201,5
202,1
203,13
204,2
205,7
206,13
207,1
208,7
209,1
210,5
211,5
212,11
213,2
214,1
215,2
216,5
217,2
218,7
219,1
220,5
221,6
222,2
223,6
224,13
225,1
226,5
227,5
228,4
229,7
230,1
231,5
232,5
233,5
234,8
235,1
236,1
237,12
238,1
239,5
240,11
241,9
242,6
243,1
244,7
245,14
246,8
247,4
248,5
249,13
250,10
251,4
252,7
253,8
254,1
255,1
256,8
257,7
258,9
259,7
260,4
261,4
262,6
263,14
264,0
265,10
266,12
267,4
268,13
269,6
270,4
271,7
272,14
273,4
274,1
275,8
276,7
277,0
278,1
279,6
280,3
281,14
282,4
283,1
284,7
285,10
286,3
287,14
288,7
289,6
290,1
291,13
292,14
293,1
294,14
295,14
296,5
297,7
298,1
299,4
300,7
301,8
302,8
303,7
304,1
305,13
306,1
307,1
308,11
309,8
310,10
311,7
312,13
313,8
314,4
315,13
316,3
317,12
318,3
319,7
320,1
321,4
322,4
323,7
324,6
325,12
326,14
327,1
328,8
329,10
330,1
331,1
332,1
333,2
334,11
335,4
336,6
337,6
338,0
339,10
340,4
341,13
342,5
343,5
344,14
345,1
346,7
347,14
348,1
349,14
350,8
351,2
352,14
353,7
354,6
355,13
356,8
357,8
358,1
359,5
360,9
361,8
362,5
363,1
364,2
365,1
366,8
367,8
368,1
369,5
370,8
371,13
372,5
373,9
374,4
375,13
376,1
377,1
378,1
379,2
380,5
381,12
382,14
383,2
384,8
385,2
386,4
387,9
388,5
389,8
390,1
391,4
392,0
393,7
394,6
395,1
396,3
397,7
398,8
399,4
400,14
401,3
402,2
403,5
404,13
405,1
406,5
407,7
408,3
409,14
410,4
411,1
412,5
413,0
414,4
415,8
416,7
417,7
418,3
419,7
420,3
421,12
422,12
423,1
424,14
425,7
426,8
427,1
428,7
429,3
430,12
431,1
432,13
433,6
434,1
435,5
436,6
437,5
438,8
439,9
440,6
441,13
442,2
443,1
444,5
445,7
446,1
447,7
448,4
449,6
450,3
451,12
452,13
453,4
454,0
455,7
456,5
457,5
458,1
459,7
460,1
461,3
462,3
463,9
464,6
465,4
466,13
467,1
468,9
469,2
470,5
471,7
472,5
473,1
474,9
475,5
476,11
477,5
478,14
479,1
480,9
481,5
482,6
483,14
484,0
485,1
486,10
487,14
488,6
489,1
490,12
491,7
492,3
493,2
494,0
495,13
496,4
497,14
498,9
499,6
500,14
501,14
502,4
503,3
504,9
505,8
506,14
507,6
508,14
509,11
510,7
511,12
512,14
513,13
514,5
515,13
516,9
517,7
518,14
519,8
520,7
521,9
522,8
523,4
524,8
525,5
526,6
527,1
528,1
529,5
530,13
531,8
532,9
533,14
534,7
535,13
536,8
537,10
538,7
539,12
540,3
541,4
542,13
543,6
544,6
545,14
546,7
547,8
548,4
549,6
550,12
551,3
552,8
553,14
554,14
555,7
556,6
557,7
558,7
559,0
560,5
561,4
562,4
563,0
564,3
565,8
566,3
567,7
568,3
569,7
570,2
571,8
572,7
573,1
574,7
575,7
576,1
577,14
578,7
579,6
580,8
581,7
582,1
583,5
584,4
585,8
586,13
587,6
588,0
589,1
590,1
591,8
592,2
593,7
594,2
595,7
596,8
597,2
598,7
599,5
600,1
601,4
602,8
603,6
604,2
605,3
606,8
607,7
608,7
609,4
610,13
611,8
612,13
613,5
614,7
615,14
616,7
617,14
618,7
619,7
620,2
621,1
622,8
623,4
624,3
625,4
626,8
627,1
628,7
629,1
630,1
631,6
632,14
633,10
634,4
635,8
636,5
637,1
638,13
639,1
640,8
641,7
642,8
643,5
644,14
645,2
646,11
647,8
648,7
649,1
650,7
651,8
652,1
653,8
654,9
655,6
656,9
657,9
658,2
659,9
660,13
661,13
662,7
663,8
664,1
665,1
666,1
667,7
668,1
669,8
670,8
671,8
672,14
673,5
674,14
675,5
676,3
677,1
678,14
679,10
680,6
681,7
682,14
683,7
684,14
685,6
686,3
687,1
688,7
689,8
690,8
691,12
692,1
693,0
694,6
695,3
696,8
697,8
698,14
699,14
700,11
701,2
702,14
703,8
704,3
705,8
706,14
707,7
708,6
709,8
710,10
711,14
712,5
713,9
714,3
715,14
716,3
717,7
718,10
719,5
720,7
721,1
722,3
723,7
724,5
725,5
726,8
727,9
728,4
729,5
730,1
731,13
732,1
733,6
734,9
735,1
736,1
737,7
738,3
739,3
740,14
741,3
742,10
743,6
744,10
745,3
746,5
747,7
748,1
749,8
750,8
751,8
752,5
753,6
754,4
755,1
756,5
757,5
758,8
759,7
760,13
761,6
762,7
763,1
764,2
765,7
766,7
767,3
768,3
769,8
770,6
771,0
772,8
773,1
774,14
775,7
776,8
777,6
778,13
779,2
780,5
781,1
782,12
783,14
784,6
785,14
786,0
787,3
788,8
789,2
790,8
791,3
792,3
793,1
794,5
795,2
796,3
797,6
798,7
799,5
800,7
801,1
802,14
803,3
804,13
805,6
806,10
807,8
808,1
809,4
810,8
811,6
812,7
813,7
814,9
815,6
816,5
817,5
818,5
819,8
820,3
821,13
822,8
823,13
824,7
825,4
826,1
827,8
828,7
829,1
830,1
831,2
832,2
833,7
834,1
835,1
836,6
837,10
838,6
839,8
840,3
841,7
842,1
843,1
844,5
845,7
846,14
847,1
848,10
849,9
850,8
851,3
852,6
853,7
854,5
855,7
856,2
857,6
858,0
859,7
860,3
861,7
862,12
863,8
864,14
865,9
866,4
867,5
868,1
869,4
870,13
871,14
872,7
873,8
874,5
875,11
876,7
877,1
878,3
879,8
880,3
881,5
882,0
883,10
884,7
885,8
886,7
887,6
888,8
889,1
890,6
891,8
892,4
893,9
894,14
895,8
896,5
897,13
898,7
899,1
900,5
901,1
902,9
903,6
904,14
905,7
906,5
907,1
908,8
909,11
910,9
911,8
912,7
913,14
914,1
915,3
916,1
917,10
918,10
919,8
920,1
921,1
922,7
923,1
924,8
925,6
926,3
927,7
928,12
929,2
930,9
931,14
932,5
933,4
934,10
935,1
936,14
937,13
938,12
939,1
940,1
941,5
942,4
943,13
944,7
945,14
946,1
947,8
948,5
949,4
950,12
951,7
952,13
953,5
954,5
955,9
956,14
957,11
958,1
959,7
960,0
961,14
962,13
963,13
964,8
965,8
966,6
967,5
968,7
969,2
970,8
971,11
972,14
973,1
974,12
975,7
976,3
977,9
978,13
979,6
980,8
981,1
982,1
983,13
984,1
985,1
986,1
987,5
988,14
989,7
990,11
991,0
992,4
993,0
994,10
995,13
996,14
997,6
998,9
999,3
1000,7
1001,7
1002,5
1003,4
1004,9
1005,2
1006,8
1007,0
1008,5
1009,7
1010,7
1011,12
1012,7
1013,2
1014,14
1015,8
1016,1
1017,5
1018,2
1019,13
1020,7
1021,7
1022,6
1023,7
1024,1
1025,9
1026,13
1027,8
1028,13
1029,8
1030,7
1031,8
1032,3
1033,5
1034,14
1035,1
1036,1
1037,4
1038,7
1039,5
1040,0
1041,14
1042,8
1043,6
1044,8
1045,1
1046,1
1047,13
1048,5
1049,13
1050,4
1051,13
1052,7
1053,9
1054,7
1055,5
1056,2
1057,1
1058,1
1059,1
1060,14
1061,4
1062,8
1063,14
1064,5
1065,4
1066,2
1067,7
1068,5
1069,7
1070,0
1071,11
1072,8
1073,8
1074,13
1075,5
1076,4
1077,8
1078,7
1079,5
1080,2
1081,3
1082,2
1083,5
1084,14
1085,14
1086,13
1087,9
1088,13
1089,8
1090,1
1091,0
1092,14
1093,1
1094,1
1095,7
1096,1
1097,1
1098,1
1099,8
1100,1
1101,0
1102,1
1103,3
1104,5
1105,5
1106,2
1107,4
1108,8
1109,7
1110,5
1111,14
1112,7
1113,7
1114,5
1115,7
1116,1
1117,1
1118,1
1119,4
1120,4
1121,1
1122,3
1123,1
1124,7
1125,2
1126,9
1127,5
1128,8
1129,7
1130,8
1131,3
1132,3
1133,5
1134,7
1135,1
1136,8
1137,7
1138,3
1139,13
1140,1
1141,10
1142,0
1143,3
1144,7
1145,5
1146,14
1147,8
1148,2
1149,8
1150,1
1151,6
1152,1
1153,9
1154,7
1155,4
1156,1
1157,6
1158,5
1159,5
1160,6
1161,8
1162,5
1163,4
1164,4
1165,6
1166,5
1167,12
1168,5
1169,1
1170,13
1171,6
1172,7
1173,2
1174,8
1175,10
1176,14
1177,1
1178,5
1179,13
1180,7
1181,7
1182,7
1183,5
1184,7
1185,0
1186,2
1187,12
1188,0
1189,1
1190,14
1191,9
1192,4
1193,5
1194,8
1195,3
1196,14
1197,10
1198,5
1199,1
1200,11
1201,1
1202,13
1203,8
1204,5
1205,5
1206,7
1207,7
1208,1
1209,14
1210,4
1211,1
1212,8
1213,2
1214,13
1215,5
1216,1
1217,1
1218,7
1219,5
1220,9
1221,2
1222,8
1223,1
1224,6
1225,1
1226,7
1227,7
1228,12
1229,2
1230,1
1231,4
1232,2
1233,5
1234,8
1235,8
1236,5
1237,13
1238,8
1239,9
1240,5
1241,8
1242,6
1243,2
1244,8
1245,6
1246,8
1247,2
1248,8
1249,4
1250,9
1251,6
1252,9
1253,9
1254,2
1255,2
1256,1
1257,6
1258,7
1259,13
1260,8
1261,5
1262,1
1263,13
1264,13
1265,6
1266,8
1267,1
1268,7
1269,2
1270,1
1271,10
1272,2
1273,5
1274,8
1275,7
1276,13
1277,7
1278,7
1279,6
1280,8
1281,4
1282,14
1283,5
1284,14
1285,14
1286,14
1287,10
1288,10
1289,5
1290,4
1291,14
1292,1
1293,14
1294,7
1295,9
1296,2
1297,7
1298,4
1299,4
1300,5
1301,7
1302,13
1303,7
1304,13
1305,14
1306,7
1307,5
1308,6
1309,7
1310,7
1311,8
1312,1
1313,1
1314,4
1315,9
1316,1
1317,8
1318,8
1319,1
1320,13
1321,7
1322,9
1323,7
1324,5
1325,2
1326,1
1327,5
1328,13
1329,7
1330,4
1331,1
1332,6
1333,1
1334,1
1335,7
1336,14
1337,1
1338,1
1339,8
1340,8
1341,8
1342,4
1343,2
1344,4
1345,7
1346,7
1347,7
1348,8
1349,6
1350,3
1351,4
1352,8
1353,7
1354,8
1355,14
1356,6
1357,0
1358,4
1359,5
1360,9
1361,1
1362,6
1363,11
1364,5
1365,13
1366,7
1367,14
1368,5
1369,5
1370,3
1371,7
1372,0
1373,4
1374,8
1375,3
1376,8
1377,1
1378,1
1379,8
1380,1
1381,5
1382,0
1383,2
1384,13
1385,3
1386,7
1387,14
1388,3
1389,12
1390,5
1391,8
1392,6
1393,13
1394,7
1395,2
1396,4
1397,7
1398,1
1399,7
1400,14
1401,1
1402,5
1403,6
1404,8
1405,8
1406,7
1407,7
1408,14
1409,1
1410,14
1411,7
1412,5
1413,1
1414,1
1415,6
1416,1
1417,13
1418,1
1419,13
1420,1
1421,7
1422,1
1423,8
1424,1
1425,6
1426,9
1427,8
1428,1
1429,4
1430,13
1431,5
1432,2
1433,3
1434,9
1435,0
1436,14
1437,4
1438,11
1439,6
1440,8
1441,1
1442,9
1443,8
1444,8
1445,1
1446,4
1447,13
1448,7
1449,7
1450,3
1451,12
1452,3
1453,6
1454,1
1455,7
1456,8
1457,12
1458,1
1459,4
1460,13
1461,1
1462,6
1463,7
1464,13
1465,8
1466,2
1467,10
1468,0
1469,3
1470,4
1471,5
1472,7
1473,5
1474,14
1475,4
1476,13
1477,4
1478,8
1479,5
1480,7
1481,13
1482,5
1483,5
1484,1
1485,4
1486,5
1487,9
1488,1
1489,5
1490,0
1491,14
1492,10
1493,1
1494,13
1495,13
1496,9
1497,6
1498,5
1499,9
1500,1
1501,1
1502,0
1503,13
1504,7
1505,8
1506,8
1507,6
1508,10
1509,8
1510,13
1511,1
1512,5
1513,12
1514,3
1515,3
1516,5
1517,13
1518,14
1519,1
1520,5
1521,6
1522,2
1523,8
1524,4
1525,5
1526,8
1527,6
1528,5
1529,2
1530,5
1531,2
1532,7
1533,6
1534,8
1535,5
1536,8
1537,0
1538,1
1539,1
1540,13
1541,1
1542,6
1543,7
1544,1
1545,7
1546,5
1547,8
1548,13
1549,4
1550,7
1551,1
1552,3
1553,7
1554,2
1555,6
1556,2
1557,4
1558,2
1559,8
1560,1
1561,7
1562,5
1563,4
1564,1
1565,6
1566,7
1567,4
1568,12
1569,8
1570,2
1571,5
1572,4
1573,4
1574,8
1575,3
1576,5
1577,5
1578,7
1579,8
1580,0
1581,8
1582,8
1583,5
1584,13
1585,7
1586,2
1587,5
1588,6
1589,7
1590,3
1591,9
1592,12
1593,10
1594,8
1595,8
1596,5
1597,1
1598,1
1599,7
1600,6
1601,7
1602,7
1603,2
1604,1
1605,10
1606,1
1607,2
1608,14
1609,11
1610,7
1611,5
1612,0
1613,0
1614,8
1615,5
1616,2
1617,14
1618,10
1619,0
1620,14
1621,11
1622,3
1623,6
1624,2
1625,1
1626,5
1627,5
1628,1
1629,11
1630,2
1631,13
1632,5
1633,8
1634,9
1635,8
1636,5
1637,13
1638,2
1639,4
1640,6
1641,7
1642,9
1643,7
1644,13
1645,14
1646,8
1647,9
1648,6
1649,6
1650,1
1651,4
1652,1
1653,1
1654,4
1655,5
1656,8
1657,9
1658,0
1659,0
1660,5
1661,14
1662,8
1663,8
1664,1
1665,2
1666,9
1667,8
1668,1
1669,2
1670,12
1671,3
1672,10
1673,1
1674,0
1675,5
1676,1
1677,5
1678,3
1679,7
1680,6
1681,6
1682,6
1683,1
1684,14
1685,4
1686,8
1687,4
1688,8
1689,1
1690,9
1691,7
1692,7
1693,1
1694,12
1695,7
1696,6
1697,9
1698,13
1699,7
1700,7
1701,12
1702,1
1703,6
1704,5
1705,7
1706,4
1707,7
1708,6
1709,1
1710,2
1711,5
1712,6
1713,14
1714,7
1715,14
1716,8
1717,1
1718,8
1719,8
1720,1
1721,11
1722,12
1723,3
1724,1
1725,14
1726,8
1727,0
1728,1
1729,1
1730,6
1731,5
1732,8
1733,6
1734,13
1735,5
1736,2
1737,0
1738,2
1739,10
1740,2
1741,7
1742,7
1743,12
1744,7
1745,8
1746,1
1747,7
1748,8
1749,14
1750,3
1751,13
1752,9
1753,9
1754,8
1755,9
1756,8
1757,7
1758,5
1759,7
1760,14
1761,7
1762,6
1763,1
1764,6
1765,5
1766,1
1767,6
1768,4
1769,8
1770,4
1771,1
1772,1
1773,7
1774,14
1775,8
1776,5
1777,13
1778,8
1779,6
1780,3
1781,1
1782,4
1783,8
1784,6
1785,4
1786,8
1787,12
1788,8
1789,14
1790,9
1791,7
1792,7
1793,7
1794,7
1795,14
1796,7
1797,6
1798,8
1799,2
1800,2
1801,8
1802,4
1803,7
1804,12
1805,13
1806,5
1807,6
1808,5
1809,3
1810,1
1811,7
1812,5
1813,8
1814,1
1815,5
1816,8
1817,1
1818,7
1819,7
1820,4
1821,3
1822,9
1823,4
1824,14
1825,3
1826,5
1827,1
1828,9
1829,3
1830,6
1831,13
1832,5
1833,13
1834,8
1835,7
1836,4
1837,3
1838,7
1839,10
1840,2
1841,1
1842,8
1843,1
1844,6
1845,3
1846,10
1847,0
1848,3
1849,1
1850,8
1851,4
1852,5
1853,1
1854,8
1855,14
1856,1
1857,5
1858,6
1859,7
1860,14
1861,1
1862,2
1863,1
1864,1
1865,0
1866,1
1867,13
1868,1
1869,5
1870,12
1871,13
1872,1
1873,9
1874,3
1875,1
1876,8
1877,6
1878,4
1879,2
1880,5
1881,1
1882,5
1883,7
1884,7
1885,14
1886,12
1887,14
1888,0
1889,14
1890,7
1891,8
1892,8
1893,14
1894,3
1895,5
1896,13
1897,7
1898,8
1899,7
1900,13
1901,12
1902,5
1903,5
1904,5
1905,8
1906,3
1907,0
1908,6
1909,0
1910,7
1911,13
1912,1
1913,3
1914,13
1915,4
1916,1
1917,14
1918,6
1919,8
1920,3
1921,9
1922,8
1923,2
1924,10
1925,1
1926,7
1927,13
1928,5
1929,4
1930,1
1931,4
1932,13
1933,1
1934,14
1935,13
1936,4
1937,4
1938,8
1939,5
1940,1
1941,7
1942,8
1943,1
1944,1
1945,13
1946,1
1947,13
1948,8
1949,5
1950,1
1951,6
1952,13
1953,7
1954,14
1955,9
1956,3
1957,10
1958,2
1959,1
1960,1
1961,4
1962,7
1963,7
1964,7
1965,4
1966,8
1967,7
1968,7
1969,3
1970,1
1971,10
1972,8
1973,10
1974,6
1975,10
1976,8
1977,8
1978,6
1979,1
1980,8
1981,3
1982,3
1983,5
1984,2
1985,7
1986,2
1987,5
1988,7
1989,10
1990,6
1991,1
1992,7
1993,9
1994,8
1995,7
1996,8
1997,7
1998,1
1999,14
2000,9
2001,4
2002,5
2003,7
2004,6
2005,1
2006,6
2007,1
2008,7
2009,5
2010,13
2011,5
2012,5
2013,7
2014,8
2015,7
2016,5
2017,3
2018,1
2019,5
2020,0
2021,6
2022,5
2023,10
2024,5
2025,1
2026,5
2027,7
2028,8
2029,3
2030,3
2031,8
2032,7
2033,1
2034,8
2035,1
2036,5
2037,1
2038,14
2039,5
2040,8
2041,4
2042,3
2043,14
2044,4
2045,11
2046,6
2047,6
2048,6
2049,1
2050,6
2051,6
2052,1
2053,8
2054,1
2055,13
2056,1
2057,10
2058,8
2059,11
2060,6
2061,4
2062,8
2063,12
2064,3
2065,1
2066,14
2067,1
2068,2
2069,13
2070,5
2071,6
2072,7
2073,8
2074,2
2075,13
2076,7
2077,14
2078,5
2079,5
2080,0
2081,5
2082,1
2083,11
2084,6
2085,13
2086,9
2087,8
2088,7
2089,6
2090,11
2091,6
2092,8
2093,4
2094,1
2095,1
2096,6
2097,8
2098,7
2099,6
2100,2
2101,5
2102,7
2103,14
2104,13
2105,1
2106,5
2107,3
2108,3
2109,8
2110,6
2111,9
2112,7
2113,14
2114,14
2115,6
2116,5
2117,1
2118,14
2119,1
2120,8
2121,1
2122,0
2123,4
2124,8
2125,1
2126,7
2127,5
2128,1
2129,1
2130,8
2131,7
2132,8
2133,10
2134,0
2135,7
2136,1
2137,6
2138,13
2139,8
2140,7
2141,5
2142,1
2143,6
2144,14
2145,1
2146,7
2147,14
2148,8
2149,13
2150,1
2151,7
2152,12
2153,6
2154,4
2155,9
2156,14
2157,2
2158,9
2159,13
2160,0
2161,3
2162,7
2163,14
2164,8
2165,2
2166,3
2167,4
2168,6
2169,7
2170,9
2171,1
2172,14
2173,9
2174,7
2175,5
2176,3
2177,8
2178,5
2179,8
2180,6
2181,4
2182,1
2183,6
2184,5
2185,14
2186,7
2187,3
2188,1
2189,6
2190,1
2191,8
2192,3
2193,1
2194,1
2195,8
2196,4
2197,3
2198,8
2199,4
2200,6
2201,7
2202,1
2203,14
2204,5
2205,1
2206,6
2207,3
2208,5
2209,5
2210,3
2211,7
2212,14
2213,14
2214,9
2215,8
2216,8
2217,10
2218,3
2219,7
2220,1
2221,13
2222,8
2223,7
2224,3
2225,1
2226,6
2227,1
2228,8
2229,1
2230,8
2231,8
2232,3
2233,7
2234,8
2235,5
2236,1
2237,5
2238,1
2239,4
2240,3
2241,0
2242,13
2243,7
2244,8
2245,8
2246,4
2247,6
2248,5
2249,1
2250,1
2251,6
2252,1
2253,14
2254,8
2255,6
2256,3
2257,6
2258,5
2259,7
2260,13
2261,1
2262,4
2263,1
2264,7
2265,9
2266,9
2267,4
2268,5
2269,4
2270,7
2271,4
2272,7
2273,1
2274,7
2275,3
2276,7
2277,8
2278,5
2279,0
2280,10
2281,8
2282,5
2283,12
2284,0
2285,5
2286,8
2287,7
2288,8
2289,7
2290,13
2291,3
2292,6
2293,6
2294,5
2295,7
2296,9
2297,7
2298,12
2299,11
2300,9
2301,6
2302,7
2303,2
2304,4
2305,5
2306,13
2307,1
2308,1
2309,4
2310,6
2311,4
2312,7
2313,7
2314,7
2315,12
2316,6
2317,1
2318,8
2319,7
2320,0
2321,5
2322,14
2323,6
2324,2
2325,5
2326,14
2327,5
2328,1
2329,1
2330,8
2331,8
2332,1
2333,3
2334,5
2335,8
2336,2
2337,7
2338,14
2339,14
2340,1
2341,8
2342,2
2343,7
2344,3
2345,5
2346,7
2347,7
2348,4
2349,1
2350,5
2351,5
2352,8
2353,1
2354,14
2355,5
2356,5
2357,12
2358,14
2359,8
2360,2
2361,0
2362,10
2363,14
2364,1
2365,1
2366,4
2367,7
2368,8
2369,7
2370,8
2371,5
2372,13
2373,6
2374,13
2375,7
2376,5
2377,1
2378,8
2379,5
2380,7
2381,8
2382,14
2383,5
2384,5
2385,5
2386,7
2387,1
2388,4
2389,4
2390,1
2391,13
2392,7
2393,7
2394,4
2395,5
2396,1
2397,8
2398,3
2399,7
2400,9
2401,4
2402,14
2403,6
2404,8
2405,0
2406,7
2407,7
2408,5
2409,8
2410,4
2411,5
2412,7
2413,6
2414,5
2415,9
2416,8
2417,8
2418,4
2419,7
2420,8
2421,5
2422,8
2423,5
2424,7
2425,2
2426,11
2427,7
2428,5
2429,14
2430,7
2431,8
2432,2
2433,6
2434,9
2435,13
2436,5
2437,7
2438,1
2439,6
2440,13
2441,9
2442,8
2443,7
2444,13
2445,8
2446,8
2447,7
2448,5
2449,13
2450,8
2451,8
2452,7
2453,4
2454,2
2455,13
2456,7
2457,9
2458,5
2459,14
2460,6
2461,7
2462,9
2463,2
2464,8
2465,14
2466,7
2467,5
2468,4
2469,2
2470,5
2471,1
2472,1
2473,5
2474,0
2475,1
2476,9
2477,1
2478,9
2479,14
2480,5
2481,7
2482,14
2483,13
2484,13
2485,1
2486,4
2487,7
2488,7
2489,3
2490,8
2491,8
2492,5
2493,14
2494,1
2495,6
2496,3
2497,13
2498,8
2499,10
2500,3
2501,6
2502,3
2503,8
2504,7
2505,1
2506,5
2507,5
2508,1
2509,8
2510,1
2511,7
2512,8
2513,5
2514,7
2515,8
2516,4
2517,7
2518,5
2519,7
2520,13
2521,11
2522,5
2523,1
2524,13
2525,2
2526,5
2527,2
2528,6
2529,2
2530,13
2531,8
2532,14
2533,9
2534,6
2535,5
2536,14
2537,1
2538,7
2539,8
2540,1
2541,2
2542,13
2543,4
2544,14
2545,7
2546,14
2547,13
2548,4
2549,7
2550,1
2551,5
2552,5
2553,8
2554,1
2555,2
2556,11
2557,14
2558,2
2559,10
2560,3
2561,5
2562,2
2563,5
2564,6
2565,1
2566,0
2567,4
2568,3
2569,2
2570,1
2571,8
2572,5
2573,2
2574,1
2575,1
2576,14
2577,5
2578,8
2579,14
2580,5
2581,11
2582,6
2583,13
2584,7
2585,6
2586,14
2587,5
2588,1
2589,0
2590,12
2591,9
2592,2
2593,4
2594,8
2595,8
2596,9
2597,1
2598,14
2599,1
2600,14
2601,4
2602,7
2603,9
2604,2
2605,2
2606,5
2607,3
2608,4
2609,2
2610,6
2611,7
2612,13
2613,1
2614,10
2615,1
2616,5
2617,1
2618,2
2619,1
2620,7
2621,3
2622,13
2623,5
2624,1
2625,8
2626,4
2627,1
2628,7
2629,14
2630,3
2631,6
2632,3
2633,7
2634,7
2635,7
2636,5
2637,1
2638,13
2639,3
2640,1
2641,12
2642,4
2643,4
2644,6
2645,8
2646,6
2647,8
2648,10
2649,7
2650,6
2651,3
2652,9
2653,3
2654,1
2655,7
2656,6
2657,4
2658,2
2659,1
2660,8
2661,6
2662,14
2663,8
2664,7
2665,1
2666,6
2667,6
2668,8
2669,6
2670,12
2671,6
2672,7
2673,7
2674,12
2675,3
2676,8
2677,5
2678,7
2679,6
2680,13
2681,8
2682,13
2683,8
2684,7
2685,4
2686,14
2687,5
2688,10
2689,13
2690,4
2691,3
2692,5
2693,2
2694,8
2695,7
2696,6
2697,7
2698,7
2699,3
2700,8
2701,5
2702,8
2703,8
2704,14
2705,8
2706,5
2707,13
2708,8
2709,3
2710,13
2711,6
2712,3
2713,1
2714,8
2715,14
2716,9
2717,8
2718,1
2719,6
2720,1
2721,8
2722,9
2723,5
2724,5
2725,8
2726,1
2727,4
2728,8
2729,0
2730,2
2731,11
2732,1
2733,1
2734,13
2735,1
2736,1
2737,1
2738,9
2739,1
2740,1
2741,3
2742,7
2743,3
2744,8
2745,8
2746,5
2747,12
2748,9
2749,0
2750,1
2751,8
2752,8
2753,1
2754,4
2755,8
2756,10
2757,9
2758,7
2759,7
2760,1
2761,0
2762,1
2763,1
2764,2
2765,8
2766,8
2767,6
2768,1
2769,6
2770,8
2771,5
2772,7
2773,8
2774,7
2775,3
2776,3
2777,2
2778,7
2779,14
2780,8
2781,1
2782,14
2783,7
2784,1
2785,14
2786,5
2787,1
2788,7
2789,7
2790,1
2791,8
2792,10
2793,5
2794,14
2795,10
2796,0
2797,8
2798,1
2799,8
2800,6
2801,13
2802,1
2803,7
2804,3
2805,8
2806,1
2807,6
2808,3
2809,8
2810,2
2811,12
2812,1
2813,5
2814,1
2815,4
2816,7
2817,14
2818,1
2819,6
2820,5
2821,2
2822,6
2823,5
2824,3
2825,6
2826,7
2827,11
2828,14
2829,5
2830,1
2831,6
2832,7
2833,7
2834,8
2835,8
2836,9
2837,1
2838,1
2839,5
2840,4
2841,14
2842,1
2843,7
2844,1
2845,8
2846,2
2847,8
2848,7
2849,12
2850,7
2851,13
2852,1
2853,1
2854,2
2855,4
2856,12
2857,13
2858,2
2859,13
2860,2
2861,8
2862,1
2863,3
2864,6
2865,3
2866,1
2867,1
2868,13
2869,1
2870,7
2871,8
2872,4
2873,1
2874,2
2875,7
2876,5
2877,8
2878,7
2879,7
2880,14
2881,8
2882,7
2883,7
2884,7
2885,1
2886,1
2887,2
2888,11
2889,3
2890,1
2891,2
2892,8
2893,13
2894,7
2895,13
2896,6
2897,8
2898,14
2899,1
2900,8
2901,7
2902,8
2903,3
2904,1
2905,1
2906,7
2907,8
2908,6
2909,7
2910,5
2911,7
2912,8
2913,12
2914,14
2915,1
2916,7
2917,5
2918,0
2919,2
2920,7
2921,9
2922,7
2923,14
2924,8
2925,1
2926,0
2927,4
2928,5
2929,2
2930,7
2931,8
2932,13
2933,7
2934,5
2935,7
2936,6
2937,4
2938,2
2939,2
2940,14
2941,7
2942,1
2943,3
2944,7
2945,5
2946,1
2947,7
2948,7
2949,3
2950,1
2951,7
2952,5
2953,1
2954,7
2955,6
2956,7
2957,14
2958,8
2959,1
2960,5
2961,1
2962,5
2963,14
2964,6
2965,5
2966,14
2967,8
2968,2
2969,1
2970,4
2971,6
2972,1
2973,2
2974,6
2975,8
2976,8
2977,14
2978,8
2979,8
2980,5
2981,4
2982,6
2983,6
2984,7
2985,2
2986,8
2987,14
2988,4
2989,2
2990,8
2991,1
2992,7
2993,13
2994,8
2995,2
2996,8
2997,7
2998,1
2999,7
3000,9
3001,1
3002,4
3003,2
3004,3
3005,7
3006,10
3007,6
3008,4
3009,7
3010,3
3011,9
3012,8
3013,8
3014,7
3015,6
3016,7
3017,4
3018,5
3019,7
3020,7
3021,9
3022,1
3023,0
3024,1
3025,9
3026,4
3027,2
3028,5
3029,1
3030,8
3031,9
3032,6
3033,13
3034,13
3035,7
3036,8
3037,7
3038,12
3039,0
3040,2
3041,14
3042,7
3043,12
3044,12
3045,4
3046,7
3047,1
3048,1
3049,8
3050,8
3051,1
3052,8
3053,1
3054,6
3055,8
3056,1
3057,2
3058,9
3059,5
3060,5
3061,14
3062,6
3063,8
3064,1
3065,7
3066,1
3067,7
3068,7
3069,6
3070,5
3071,1
3072,7
3073,1
3074,2
3075,8
3076,2
3077,13
3078,14
3079,6
3080,3
3081,7
3082,2
3083,8
3084,8
3085,7
3086,0
3087,6
3088,6
3089,0
3090,5
3091,1
3092,8
3093,6
3094,8
3095,1
3096,1
3097,7
3098,8
3099,14
3100,3
3101,6
3102,10
3103,5
3104,2
3105,14
3106,1
3107,7
3108,7
3109,1
3110,3
3111,7
3112,1
3113,1
3114,4
3115,7
3116,1
3117,4
3118,8
3119,1
3120,11
3121,8
3122,8
3123,4
3124,7
3125,14
3126,2
3127,14
3128,11
3129,6
3130,1
3131,6
3132,14
3133,13
3134,8
3135,1
3136,6
3137,6
3138,5
3139,1
3140,8
3141,9
3142,9
3143,5
3144,8
3145,4
3146,7
3147,6
3148,2
3149,1
3150,8
3151,1
3152,13
3153,4
3154,6
3155,0
3156,8
3157,4
3158,8
3159,7
3160,0
3161,3
3162,7
3163,0
3164,3
3165,5
3166,11
3167,12
3168,4
3169,2
3170,1
3171,13
3172,14
3173,14
3174,14
3175,7
3176,0
3177,2
3178,5
3179,8
3180,6
3181,5
3182,1
3183,8
3184,2
3185,4
3186,5
3187,1
3188,13
3189,0
3190,5
3191,3
3192,1
3193,2
3194,6
3195,13
3196,2
3197,13
3198,0
3199,7
3200,1
3201,14
3202,5
3203,5
3204,4
3205,4
3206,8
3207,7
3208,7
3209,8
3210,2
3211,7
3212,13
3213,6
3214,6
3215,1
3216,13
3217,1
3218,7
3219,1
3220,2
3221,4
3222,1
3223,4
3224,3
3225,14
3226,8
3227,4
3228,8
3229,8
3230,3
3231,5
3232,7
3233,14
3234,8
3235,8
3236,0
3237,1
3238,1
3239,9
3240,6
3241,6
3242,4
3243,14
3244,8
3245,1
3246,6
3247,8
3248,6
3249,3
3250,7
3251,2
3252,14
3253,1
3254,13
3255,14
3256,7
3257,2
3258,13
3259,4
3260,11
3261,8
3262,1
3263,8
3264,2
3265,7
3266,2
3267,1
3268,3
3269,6
3270,2
3271,6
3272,10
3273,7
3274,13
3275,5
3276,8
3277,5
3278,14
3279,3
3280,7
3281,8
3282,7
3283,2
3284,13
3285,11
3286,2
3287,4
3288,8
3289,8
3290,7
3291,5
3292,13
3293,8
3294,8
3295,8
3296,4
3297,1
3298,3
3299,5
3300,1
3301,8
3302,5
3303,1
3304,13
3305,8
3306,1
3307,12
3308,13
3309,3
3310,13
3311,11
3312,2
3313,1
3314,2
3315,5
3316,8
3317,1
3318,1
3319,3
3320,8
3321,7
3322,3
3323,8
3324,5
3325,1
3326,1
3327,14
3328,0
3329,13
3330,13
3331,4
3332,8
3333,6
3334,10
3335,5
3336,1
3337,1
3338,7
3339,4
3340,1
3341,7
3342,3
3343,1
3344,1
3345,7
3346,5
3347,8
3348,14
3349,1
3350,1
3351,5
3352,6
3353,10
3354,13
3355,8
3356,5
3357,5
3358,1
3359,1
3360,1
3361,8
3362,7
3363,7
3364,1
3365,5
3366,5
3367,4
3368,1
3369,5
3370,6
3371,6
3372,7
3373,8
3374,4
3375,12
3376,6
3377,11
3378,6
3379,3
3380,1
3381,8
3382,2
3383,6
3384,8
3385,4
3386,1
3387,1
3388,13
3389,1
3390,9
3391,7
3392,14
3393,7
3394,1
3395,8
3396,7
3397,14
3398,1
3399,1
3400,8
3401,8
3402,1
3403,3
3404,10
3405,9
3406,6
3407,6
3408,7
3409,6
3410,0
3411,5
3412,13
3413,7
3414,1
3415,7
3416,7
3417,14
3418,7
3419,6
3420,8
3421,10
3422,7
3423,7
3424,1
3425,2
3426,14
3427,14
3428,1
3429,7
3430,12
3431,13
3432,8
3433,14
3434,5
3435,7
3436,5
3437,6
3438,6
3439,7
3440,1
3441,5
3442,5
3443,8
3444,7
3445,1
3446,8
3447,14
3448,1
3449,7
3450,2
3451,4
3452,1
3453,5
3454,14
3455,9
3456,10
3457,12
3458,5
3459,1
3460,6
3461,14
3462,7
3463,3
3464,5
3465,8
3466,8
3467,6
3468,7
3469,13
3470,13
3471,6
3472,1
3473,1
3474,9
3475,14
3476,4
3477,5
3478,10
3479,5
3480,6
3481,3
3482,7
3483,9
3484,5
3485,7
3486,8
3487,1
3488,7
3489,13
3490,1
3491,0
3492,4
3493,6
3494,0
3495,14
3496,5
3497,8
3498,5
3499,7
3500,3
3501,7
3502,12
3503,2
3504,12
3505,6
3506,3
3507,14
3508,5
3509,7
3510,7
3511,2
3512,6
3513,8
3514,1
3515,5
3516,14
3517,3
3518,4
3519,2
3520,8
3521,10
3522,8
3523,4
3524,1
3525,4
3526,14
3527,12
3528,13
3529,8
3530,1
3531,14
3532,6
3533,4
3534,6
3535,7
3536,1
3537,14
3538,8
3539,5
3540,14
3541,8
3542,8
3543,6
3544,5
3545,13
3546,11
3547,5
3548,13
3549,2
3550,1
3551,5
3552,1
3553,7
3554,9
3555,0
3556,7
3557,9
3558,3
3559,7
3560,14
3561,4
3562,1
3563,8
3564,6
3565,1
3566,8
3567,14
3568,9
3569,8
3570,5
3571,6
3572,7
3573,1
3574,12
3575,4
3576,13
3577,4
3578,1
3579,1
3580,3
3581,4
3582,1
3583,4
3584,1
3585,4
3586,1
3587,5
3588,8
3589,4
3590,8
3591,1
3592,1
3593,11
3594,5
3595,9
3596,13
3597,7
3598,8
3599,8
3600,1
3601,7
3602,10
3603,8
3604,1
3605,8
3606,1
3607,6
3608,7
3609,7
3610,8
3611,2
3612,5
3613,9
3614,7
3615,1
3616,0
3617,5
3618,1
3619,6
3620,3
3621,0
3622,8
3623,1
3624,5
3625,11
3626,6
3627,8
3628,1
3629,4
3630,1
3631,4
3632,13
3633,8
3634,8
3635,0
3636,1
3637,5
3638,7
3639,14
3640,7
3641,14
3642,7
3643,3
3644,6
3645,8
3646,1
3647,13
3648,8
3649,6
3650,7
3651,7
3652,1
3653,7
3654,14
3655,5
3656,7
3657,3
3658,8
3659,2
3660,8
3661,13
3662,2
3663,14
3664,5
3665,3
3666,8
3667,14
3668,7
3669,8
3670,2
3671,5
3672,13
3673,14
3674,3
3675,2
3676,4
3677,7
3678,5
3679,3
3680,8
3681,0
3682,4
3683,2
3684,8
3685,1
3686,7
3687,4
3688,13
3689,1
3690,1
3691,7
3692,3
3693,4
3694,1
3695,14
3696,1
3697,5
3698,3
3699,4
3700,1
3701,4
3702,8
3703,1
3704,1
3705,8
3706,1
3707,1
3708,8
3709,9
3710,1
3711,3
3712,14
3713,6
3714,5
3715,7
3716,2
3717,4
3718,8
3719,6
3720,1
3721,1
3722,2
3723,8
3724,5
3725,6
3726,7
3727,4
3728,7
3729,8
3730,3
3731,2
3732,1
3733,8
3734,3
3735,14
3736,3
3737,14
3738,9
3739,6
3740,1
3741,10
3742,7
3743,14
3744,8
3745,6
3746,1
3747,2
3748,7
3749,7
3750,13
3751,7
3752,4
3753,9
3754,6
3755,3
3756,4
3757,0
3758,10
3759,10
3760,13
3761,14
3762,14
3763,1
3764,13
3765,3
3766,7
3767,14
3768,1
3769,5
3770,7
3771,13
3772,6
3773,8
3774,6
3775,7
3776,0
3777,10
3778,2
3779,5
3780,4
3781,1
3782,8
3783,2
3784,6
3785,1
3786,8
3787,13
3788,13
3789,1
3790,1
3791,7
3792,2
3793,13
3794,5
3795,5
3796,2
3797,1
3798,7
3799,4
3800,4
3801,6
3802,14
3803,12
3804,4
3805,1
3806,5
3807,2
3808,10
3809,7
3810,14
3811,8
3812,5
3813,2
3814,14
3815,5
3816,8
3817,8
3818,4
3819,13
3820,5
3821,7
3822,3
3823,14
3824,4
3825,2
3826,5
3827,7
3828,5
3829,1
3830,1
3831,14
3832,8
3833,8
3834,3
3835,3
3836,5
3837,1
3838,8
3839,8
3840,4
3841,8
3842,1
3843,14
3844,5
3845,7
3846,8
3847,5
3848,3
3849,1
3850,6
3851,14
3852,13
3853,1
3854,3
3855,2
3856,7
3857,4
3858,4
3859,2
3860,7
3861,1
3862,1
3863,2
3864,7
3865,8
3866,1
3867,9
3868,7
3869,2
3870,4
3871,4
3872,1
3873,9
3874,8
3875,4
3876,5
3877,1
3878,5
3879,14
3880,7
3881,10
3882,7
3883,8
3884,7
3885,1
3886,13
3887,7
3888,4
3889,12
3890,1
3891,8
3892,12
3893,5
3894,1
3895,1
3896,7
3897,13
3898,7
3899,7
3900,5
3901,14
3902,14
3903,1
3904,1
3905,2
3906,4
3907,4
3908,0
3909,2
3910,5
3911,2
3912,2
3913,4
3914,8
3915,8
3916,1
3917,1
3918,13
3919,6
3920,1
3921,7
3922,1
3923,14
3924,7
3925,6
3926,14
3927,7
3928,7
3929,10
3930,8
3931,8
3932,8
3933,8
3934,1
3935,8
3936,5
3937,2
3938,8
3939,4
3940,14
3941,7
3942,3
3943,10
3944,4
3945,5
3946,7
3947,14
3948,13
3949,5
3950,1
3951,8
3952,1
3953,2
3954,6
3955,9
3956,8
3957,9
3958,1
3959,9
3960,6
3961,1
3962,3
3963,4
3964,14
3965,1
3966,3
3967,6
3968,8
3969,7
3970,5
3971,8
3972,1
3973,13
3974,7
3975,6
3976,13
3977,1
3978,1
3979,9
3980,9
3981,14
3982,3
3983,6
3984,14
3985,14
3986,6
3987,8
3988,8
3989,10
3990,5
3991,13
3992,8
3993,7
3994,13
3995,10
3996,6
3997,7
3998,7
3999,3
4000,8
4001,1
4002,1
4003,5
4004,14
4005,8
4006,8
4007,1
4008,14
4009,5
4010,1
4011,4
4012,1
4013,1
4014,8
4015,14
4016,6
4017,9
4018,2
4019,14
4020,9
4021,8
4022,10
4023,4
4024,14
4025,3
4026,7
4027,6
4028,14
4029,6
4030,9
4031,9
4032,1
4033,13
4034,1
4035,7
4036,8
4037,1
4038,12
4039,10
4040,5
4041,5
4042,3
4043,7
4044,3
4045,1
4046,7
4047,14
4048,8
4049,7
4050,5
4051,13
4052,7
4053,6
4054,7
4055,2
4056,7
4057,5
4058,1
4059,4
4060,14
4061,1
4062,5
4063,6
4064,3
4065,5
4066,13
4067,14
4068,8
4069,1
4070,7
4071,7
4072,7
4073,5
4074,6
4075,4
4076,13
4077,1
4078,1
4079,13
4080,6
4081,8
4082,12
4083,5
4084,5
4085,6
4086,14
4087,4
4088,7
4089,1
4090,1
4091,13
4092,6
4093,7
4094,2
4095,7
4096,0
4097,4
4098,8
4099,7
4100,7
4101,10
4102,13
4103,14
4104,5
4105,9
4106,4
4107,7
4108,2
4109,5
4110,3
4111,8
4112,4
4113,1
4114,3
4115,4
4116,1
4117,5
4118,7
4119,4
4120,1
4121,1
4122,5
4123,1
4124,1
4125,1
4126,1
4127,4
4128,1
4129,7
4130,7
4131,1
4132,4
4133,9
4134,6
4135,6
4136,8
4137,1
4138,4
4139,4
4140,8
4141,2
4142,7
4143,11
4144,1
4145,1