id,genre
0,latin
1,metal
2,romance
3,metal
4,blues
5,indie_alt
6,jazz
7,metal
8,reggae
9,classical
10,party
11,romance
12,classical
13,country
14,classical
15,blues
16,romance
17,classical
18,latin
19,metal
20,classical
21,classical
22,party
23,party
24,romance
25,classical
26,latin
27,indie_alt
28,latin
29,reggae
30,metal
31,party
32,classical
33,romance
34,latin
35,classical
36,metal
37,hiphop
38,latin
39,metal
40,indie_alt
41,pop
42,jazz
43,classical
44,reggae
45,rock
46,reggae
47,classical
48,classical
49,indie_alt
50,funk
51,reggae
52,classical
53,indie_alt
54,classical
55,classical
56,classical
57,metal
58,classical
59,classical
60,classical
61,classical
62,classical
63,funk
64,country
65,classical
66,metal
67,latin
68,classical
69,country
70,reggae
71,reggae
72,latin
73,metal
74,rock
75,latin
76,rock
77,funk
78,indie_alt
79,classical
80,country
81,metal
82,metal
83,indie_alt
84,rock
85,blues
86,romance
87,metal
88,funk
89,metal
90,country
91,reggae
92,classical
93,classical
94,party
95,classical
96,classical
97,party
98,latin
99,classical
100,latin
101,rock
102,reggae
103,punk
104,funk
105,pop
106,romance
107,classical
108,rock
109,latin
110,party
111,metal
112,latin
113,classical
114,classical
115,romance
116,blues
117,latin
118,metal
119,metal
120,jazz
121,blues
122,jazz
123,jazz
124,latin
125,country
126,jazz
127,latin
128,rock
129,classical
130,classical
131,pop
132,hiphop
133,indie_alt
134,classical
135,indie_alt
136,classical
137,latin
138,hiphop
139,country
140,pop
141,romance
142,party
143,latin
144,jazz
145,latin
146,classical
147,metal
148,reggae
149,classical
150,pop
151,classical
152,latin
153,indie_alt
154,jazz
155,classical
156,country
157,classical
158,pop
159,funk
160,romance
161,jazz
162,indie_alt
163,classical
164,party
165,metal
166,rock
167,classical
168,jazz
169,hiphop
170,classical
171,jazz
172,latin
173,classical
174,latin
175,hiphop
176,rock
177,classical
178,metal
179,rock
180,jazz
181,indie_alt
182,reggae
183,classical
184,jazz
185,funk
186,latin
187,classical
188,funk
189,party
190,indie_alt
191,classical
192,punk
193,rock
194,reggae
195,classical
196,indie_alt
197,jazz
198,blues
199,romance
200,jazz
201,country
202,classical
203,rock
204,romance
205,funk
206,indie_alt
207,classical
208,latin
209,romance
210,indie_alt
211,jazz
212,latin
213,funk
214,rock
215,indie_alt
216,romance
217,country
218,latin
219,classical
220,jazz
221,jazz
222,rock
223,latin
224,rock
225,classical
226,party
227,indie_alt
228,hiphop
229,romance
230,classical
231,jazz
232,rock
233,metal
234,metal
235,classical
236,classical
237,party
238,classical
239,indie_alt
240,rock
241,indie_alt
242,jazz
243,classical
244,latin
245,romance
246,rock
247,hiphop
248,rock
249,latin
250,romance
251,hiphop
252,punk
253,metal
254,classical
255,classical
256,rock
257,latin
258,pop
259,funk
260,hiphop
261,hiphop
262,rock
263,metal
264,blues
265,romance
266,reggae
267,reggae
268,country
269,country
270,hiphop
271,latin
272,hiphop
273,hiphop
274,classical
275,indie_alt
276,hiphop
277,jazz
278,classical
279,classical
280,funk
281,romance
282,hiphop
283,classical
284,latin
285,romance
286,rock
287,party
288,latin
289,latin
290,classical
291,indie_alt
292,jazz
293,jazz
294,romance
295,romance
296,blues
297,latin
298,classical
299,reggae
300,pop
301,rock
302,rock
303,rock
304,metal
305,metal
306,classical
307,classical
308,romance
309,metal
310,romance
311,blues
312,rock
313,metal
314,hiphop
315,rock
316,rock
317,hiphop
318,funk
319,funk
320,jazz
321,rock
322,latin
323,latin
324,classical
325,romance
326,blues
327,rock
328,metal
329,hiphop
330,classical
331,classical
332,latin
333,indie_alt
334,pop
335,hiphop
336,jazz
337,latin
338,indie_alt
339,pop
340,romance
341,metal
342,pop
343,rock
344,rock
345,classical
346,latin
347,romance
348,classical
349,romance
350,punk
351,country
352,romance
353,latin
354,classical
355,rock
356,indie_alt
357,metal
358,classical
359,indie_alt
360,pop
361,metal
362,latin
363,classical
364,party
365,classical
366,metal
367,indie_alt
368,classical
369,party
370,punk
371,rock
372,party
373,indie_alt
374,hiphop
375,indie_alt
376,classical
377,classical
378,jazz
379,country
380,jazz
381,latin
382,jazz
383,rock
384,metal
385,country
386,hiphop
387,party
388,indie_alt
389,metal
390,classical
391,hiphop
392,reggae
393,metal
394,indie_alt
395,classical
396,funk
397,rock
398,metal
399,hiphop
400,romance
401,funk
402,indie_alt
403,jazz
404,metal
405,classical
406,romance
407,latin
408,funk
409,classical
410,blues
411,classical
412,rock
413,rock
414,party
415,rock
416,party
417,latin
418,latin
419,latin
420,rock
421,reggae
422,rock
423,classical
424,romance
425,rock
426,metal
427,classical
428,latin
429,hiphop
430,funk
431,classical
432,indie_alt
433,rock
434,jazz
435,blues
436,classical
437,indie_alt
438,metal
439,reggae
440,classical
441,pop
442,punk
443,classical
444,blues
445,latin
446,classical
447,latin
448,party
449,blues
450,funk
451,funk
452,rock
453,hiphop
454,funk
455,jazz
456,rock
457,indie_alt
458,classical
459,latin
460,classical
461,party
462,funk
463,funk
464,latin
465,hiphop
466,latin
467,rock
468,jazz
469,indie_alt
470,indie_alt
471,latin
472,hiphop
473,classical
474,latin
475,rock
476,rock
477,rock
478,rock
479,latin
480,latin
481,pop
482,blues
483,indie_alt
484,reggae
485,indie_alt
486,latin
487,rock
488,reggae
489,classical
490,hiphop
491,latin
492,latin
493,country
494,blues
495,funk
496,indie_alt
497,country
498,latin
499,latin
500,pop
501,rock
502,hiphop
503,funk
504,party
505,metal
506,country
507,blues
508,pop
509,rock
510,latin
511,reggae
512,romance
513,metal
514,indie_alt
515,pop
516,funk
517,latin
518,romance
519,indie_alt
520,latin
521,party
522,punk
523,pop
524,metal
525,party
526,jazz
527,classical
528,classical
529,indie_alt
530,romance
531,indie_alt
532,indie_alt
533,romance
534,latin
535,metal
536,metal
537,pop
538,romance
539,party
540,rock
541,party
542,indie_alt
543,jazz
544,jazz
545,indie_alt
546,party
547,rock
548,hiphop
549,jazz
550,party
551,funk
552,metal
553,romance
554,romance
555,latin
556,jazz
557,latin
558,blues
559,reggae
560,blues
561,country
562,hiphop
563,blues
564,funk
565,indie_alt
566,party
567,country
568,party
569,latin
570,country
571,metal
572,latin
573,classical
574,indie_alt
575,party
576,classical
577,country
578,latin
579,jazz
580,metal
581,party
582,classical
583,romance
584,latin
585,metal
586,punk
587,rock
588,pop
589,classical
590,classical
591,metal
592,rock
593,latin
594,latin
595,metal
596,rock
597,rock
598,latin
599,blues
600,classical
601,latin
602,metal
603,classical
604,party
605,funk
606,metal
607,romance
608,latin
609,hiphop
610,indie_alt
611,metal
612,rock
613,funk
614,indie_alt
615,romance
616,latin
617,romance
618,hiphop
619,latin
620,country
621,romance
622,metal
623,hiphop
624,rock
625,hiphop
626,metal
627,classical
628,latin
629,classical
630,romance
631,romance
632,romance
633,pop
634,latin
635,metal
636,country
637,classical
638,rock
639,classical
640,metal
641,latin
642,metal
643,metal
644,country
645,rock
646,punk
647,metal
648,indie_alt
649,classical
650,romance
651,metal
652,classical
653,metal
654,pop
655,jazz
656,funk
657,party
658,party
659,pop
660,country
661,punk
662,indie_alt
663,metal
664,classical
665,classical
666,classical
667,latin
668,classical
669,metal
670,metal
671,metal
672,romance
673,romance
674,romance
675,rock
676,latin
677,classical
678,romance
679,pop
680,blues
681,latin
682,rock
683,funk
684,indie_alt
685,jazz
686,romance
687,classical
688,funk
689,rock
690,metal
691,funk
692,classical
693,indie_alt
694,jazz
695,funk
696,metal
697,metal
698,pop
699,party
700,pop
701,rock
702,romance
703,metal
704,party
705,metal
706,latin
707,latin
708,jazz
709,metal
710,party
711,jazz
712,indie_alt
713,romance
714,funk
715,romance
716,party
717,hiphop
718,punk
719,indie_alt
720,blues
721,classical
722,jazz
723,latin
724,rock
725,party
726,metal
727,indie_alt
728,reggae
729,pop
730,classical
731,indie_alt
732,classical
733,funk
734,punk
735,classical
736,classical
737,latin
738,funk
739,party
740,jazz
741,jazz
742,romance
743,blues
744,punk
745,funk
746,jazz
747,party
748,classical
749,indie_alt
750,indie_alt
751,metal
752,funk
753,country
754,hiphop
755,classical
756,indie_alt
757,metal
758,metal
759,blues
760,classical
761,jazz
762,party
763,classical
764,indie_alt
765,latin
766,latin
767,party
768,funk
769,metal
770,latin
771,rock
772,rock
773,classical
774,latin
775,hiphop
776,punk
777,blues
778,metal
779,country
780,romance
781,classical
782,hiphop
783,pop
784,metal
785,jazz
786,reggae
787,funk
788,metal
789,pop
790,metal
791,funk
792,funk
793,jazz
794,indie_alt
795,latin
796,funk
797,funk
798,latin
799,rock
800,country
801,classical
802,pop
803,reggae
804,indie_alt
805,classical
806,party
807,metal
808,jazz
809,metal
810,metal
811,latin
812,reggae
813,romance
814,party
815,jazz
816,romance
817,country
818,party
819,metal
820,party
821,reggae
822,metal
823,rock
824,funk
825,romance
826,classical
827,metal
828,latin
829,classical
830,jazz
831,romance
832,rock
833,latin
834,classical
835,jazz
836,indie_alt
837,hiphop
838,classical
839,metal
840,reggae
841,latin
842,classical
843,classical
844,latin
845,latin
846,party
847,classical
848,party
849,pop
850,metal
851,rock
852,jazz
853,latin
854,rock
855,pop
856,country
857,jazz
858,jazz
859,latin
860,funk
861,latin
862,reggae
863,metal
864,jazz
865,funk
866,hiphop
867,romance
868,classical
869,hiphop
870,punk
871,indie_alt
872,latin
873,romance
874,latin
875,punk
876,indie_alt
877,romance
878,funk
879,rock
880,hiphop
881,metal
882,indie_alt
883,hiphop
884,romance
885,rock
886,latin
887,reggae
888,hiphop
889,classical
890,jazz
891,metal
892,hiphop
893,party
894,romance
895,rock
896,rock
897,indie_alt
898,jazz
899,classical
900,romance
901,classical
902,indie_alt
903,blues
904,romance
905,latin
906,country
907,classical
908,metal
909,rock
910,latin
911,metal
912,latin
913,rock
914,classical
915,funk
916,classical
917,party
918,indie_alt
919,metal
920,jazz
921,classical
922,rock
923,romance
924,metal
925,metal
926,funk
927,pop
928,reggae
929,rock
930,latin
931,classical
932,indie_alt
933,party
934,indie_alt
935,classical
936,indie_alt
937,romance
938,reggae
939,classical
940,classical
941,country
942,hiphop
943,rock
944,latin
945,indie_alt
946,classical
947,metal
948,indie_alt
949,romance
950,hiphop
951,rock
952,indie_alt
953,hiphop
954,indie_alt
955,party
956,pop
957,metal
958,classical
959,reggae
960,latin
961,indie_alt
962,metal
963,rock
964,metal
965,metal
966,indie_alt
967,indie_alt
968,reggae
969,country
970,rock
971,punk
972,romance
973,classical
974,reggae
975,romance
976,funk
977,party
978,indie_alt
979,jazz
980,metal
981,classical
982,classical
983,indie_alt
984,classical
985,classical
986,classical
987,rock
988,rock
989,reggae
990,punk
991,indie_alt
992,hiphop
993,blues
994,pop
995,rock
996,jazz
997,jazz
998,funk
999,latin
1000,party
1001,funk
1002,indie_alt
1003,party
1004,party
1005,country
1006,metal
1007,latin
1008,romance
1009,party
1010,latin
1011,reggae
1012,hiphop
1013,rock
1014,classical
1015,metal
1016,classical
1017,indie_alt
1018,pop
1019,hiphop
1020,latin
1021,latin
1022,classical
1023,latin
1024,classical
1025,latin
1026,metal
1027,metal
1028,latin
1029,rock
1030,latin
1031,punk
1032,indie_alt
1033,latin
1034,latin
1035,classical
1036,jazz
1037,pop
1038,romance
1039,country
1040,indie_alt
1041,indie_alt
1042,metal
1043,blues
1044,metal
1045,classical
1046,classical
1047,indie_alt
1048,indie_alt
1049,pop
1050,jazz
1051,latin
1052,party
1053,latin
1054,party
1055,hiphop
1056,country
1057,classical
1058,classical
1059,classical
1060,romance
1061,indie_alt
1062,metal
1063,pop
1064,rock
1065,hiphop
1066,latin
1067,romance
1068,indie_alt
1069,jazz
1070,rock
1071,punk
1072,metal
1073,rock
1074,blues
1075,indie_alt
1076,romance
1077,metal
1078,latin
1079,indie_alt
1080,country
1081,rock
1082,blues
1083,party
1084,indie_alt
1085,latin
1086,metal
1087,party
1088,rock
1089,metal
1090,classical
1091,blues
1092,romance
1093,classical
1094,classical
1095,latin
1096,classical
1097,classical
1098,classical
1099,metal
1100,classical
1101,pop
1102,latin
1103,punk
1104,indie_alt
1105,reggae
1106,country
1107,latin
1108,metal
1109,latin
1110,jazz
1111,latin
1112,latin
1113,latin
1114,romance
1115,latin
1116,classical
1117,classical
1118,classical
1119,pop
1120,hiphop
1121,classical
1122,funk
1123,classical
1124,pop
1125,romance
1126,party
1127,indie_alt
1128,indie_alt
1129,party
1130,metal
1131,party
1132,funk
1133,hiphop
1134,indie_alt
1135,jazz
1136,metal
1137,indie_alt
1138,funk
1139,blues
1140,classical
1141,reggae
1142,jazz
1143,funk
1144,latin
1145,indie_alt
1146,country
1147,metal
1148,country
1149,metal
1150,classical
1151,jazz
1152,classical
1153,party
1154,latin
1155,hiphop
1156,jazz
1157,funk
1158,blues
1159,indie_alt
1160,hiphop
1161,metal
1162,rock
1163,indie_alt
1164,hiphop
1165,indie_alt
1166,indie_alt
1167,latin
1168,rock
1169,classical
1170,jazz
1171,hiphop
1172,romance
1173,country
1174,metal
1175,romance
1176,latin
1177,classical
1178,party
1179,punk
1180,latin
1181,latin
1182,romance
1183,jazz
1184,reggae
1185,hiphop
1186,latin
1187,party
1188,rock
1189,classical
1190,romance
1191,country
1192,hiphop
1193,hiphop
1194,metal
1195,latin
1196,romance
1197,pop
1198,romance
1199,jazz
1200,indie_alt
1201,classical
1202,rock
1203,metal
1204,jazz
1205,funk
1206,hiphop
1207,latin
1208,classical
1209,latin
1210,indie_alt
1211,classical
1212,rock
1213,country
1214,punk
1215,blues
1216,classical
1217,classical
1218,party
1219,funk
1220,hiphop
1221,pop
1222,metal
1223,classical
1224,indie_alt
1225,classical
1226,latin
1227,pop
1228,romance
1229,romance
1230,jazz
1231,latin
1232,indie_alt
1233,indie_alt
1234,metal
1235,rock
1236,metal
1237,rock
1238,rock
1239,reggae
1240,indie_alt
1241,rock
1242,jazz
1243,country
1244,rock
1245,jazz
1246,metal
1247,country
1248,metal
1249,hiphop
1250,hiphop
1251,jazz
1252,latin
1253,country
1254,country
1255,hiphop
1256,classical
1257,classical
1258,latin
1259,pop
1260,metal
1261,funk
1262,classical
1263,rock
1264,romance
1265,latin
1266,metal
1267,classical
1268,latin
1269,romance
1270,classical
1271,indie_alt
1272,romance
1273,blues
1274,metal
1275,latin
1276,reggae
1277,latin
1278,party
1279,jazz
1280,metal
1281,hiphop
1282,indie_alt
1283,romance
1284,romance
1285,romance
1286,latin
1287,blues
1288,party
1289,latin
1290,hiphop
1291,jazz
1292,classical
1293,romance
1294,country
1295,latin
1296,country
1297,romance
1298,latin
1299,reggae
1300,country
1301,romance
1302,rock
1303,latin
1304,indie_alt
1305,jazz
1306,party
1307,rock
1308,rock
1309,latin
1310,metal
1311,indie_alt
1312,classical
1313,classical
1314,hiphop
1315,latin
1316,classical
1317,metal
1318,punk
1319,classical
1320,rock
1321,latin
1322,reggae
1323,reggae
1324,indie_alt
1325,party
1326,classical
1327,latin
1328,country
1329,party
1330,hiphop
1331,classical
1332,jazz
1333,classical
1334,classical
1335,latin
1336,hiphop
1337,classical
1338,classical
1339,blues
1340,metal
1341,metal
1342,hiphop
1343,country
1344,latin
1345,latin
1346,latin
1347,romance
1348,rock
1349,romance
1350,funk
1351,latin
1352,metal
1353,party
1354,metal
1355,rock
1356,jazz
1357,reggae
1358,latin
1359,pop
1360,latin
1361,classical
1362,jazz
1363,punk
1364,metal
1365,latin
1366,indie_alt
1367,romance
1368,rock
1369,romance
1370,party
1371,indie_alt
1372,classical
1373,hiphop
1374,metal
1375,funk
1376,metal
1377,classical
1378,jazz
1379,metal
1380,classical
1381,romance
1382,party
1383,country
1384,country
1385,pop
1386,latin
1387,indie_alt
1388,funk
1389,reggae
1390,indie_alt
1391,metal
1392,jazz
1393,blues
1394,romance
1395,country
1396,party
1397,latin
1398,classical
1399,hiphop
1400,classical
1401,classical
1402,indie_alt
1403,funk
1404,metal
1405,metal
1406,latin
1407,pop
1408,romance
1409,classical
1410,romance
1411,romance
1412,indie_alt
1413,classical
1414,classical
1415,jazz
1416,classical
1417,romance
1418,classical
1419,metal
1420,classical
1421,country
1422,classical
1423,metal
1424,classical
1425,romance
1426,latin
1427,rock
1428,classical
1429,hiphop
1430,punk
1431,country
1432,blues
1433,funk
1434,indie_alt
1435,funk
1436,country
1437,hiphop
1438,rock
1439,blues
1440,metal
1441,classical
1442,party
1443,metal
1444,metal
1445,jazz
1446,hiphop
1447,rock
1448,latin
1449,indie_alt
1450,funk
1451,reggae
1452,funk
1453,latin
1454,classical
1455,latin
1456,metal
1457,reggae
1458,classical
1459,party
1460,rock
1461,classical
1462,jazz
1463,latin
1464,romance
1465,metal
1466,country
1467,hiphop
1468,jazz
1469,party
1470,hiphop
1471,latin
1472,latin
1473,metal
1474,romance
1475,latin
1476,romance
1477,hiphop
1478,metal
1479,indie_alt
1480,pop
1481,indie_alt
1482,romance
1483,rock
1484,classical
1485,hiphop
1486,indie_alt
1487,latin
1488,classical
1489,rock
1490,pop
1491,jazz
1492,party
1493,classical
1494,country
1495,blues
1496,latin
1497,jazz
1498,rock
1499,party
1500,classical
1501,classical
1502,blues
1503,blues
1504,pop
1505,metal
1506,metal
1507,latin
1508,indie_alt
1509,metal
1510,rock
1511,classical
1512,pop
1513,party
1514,funk
1515,rock
1516,romance
1517,party
1518,romance
1519,latin
1520,punk
1521,latin
1522,latin
1523,indie_alt
1524,romance
1525,indie_alt
1526,punk
1527,jazz
1528,indie_alt
1529,country
1530,metal
1531,country
1532,funk
1533,jazz
1534,metal
1535,indie_alt
1536,metal
1537,blues
1538,classical
1539,classical
1540,punk
1541,classical
1542,jazz
1543,latin
1544,classical
1545,hiphop
1546,jazz
1547,punk
1548,jazz
1549,party
1550,blues
1551,classical
1552,funk
1553,latin
1554,romance
1555,jazz
1556,latin
1557,funk
1558,rock
1559,metal
1560,classical
1561,jazz
1562,indie_alt
1563,party
1564,classical
1565,latin
1566,hiphop
1567,reggae
1568,funk
1569,punk
1570,country
1571,funk
1572,hiphop
1573,metal
1574,metal
1575,funk
1576,pop
1577,jazz
1578,latin
1579,metal
1580,pop
1581,metal
1582,metal
1583,jazz
1584,party
1585,pop
1586,latin
1587,rock
1588,jazz
1589,latin
1590,punk
1591,classical
1592,reggae
1593,party
1594,metal
1595,metal
1596,country
1597,classical
1598,classical
1599,funk
1600,jazz
1601,latin
1602,pop
1603,pop
1604,classical
1605,country
1606,classical
1607,indie_alt
1608,romance
1609,punk
1610,blues
1611,pop
1612,romance
1613,indie_alt
1614,metal
1615,indie_alt
1616,country
1617,romance
1618,romance
1619,blues
1620,romance
1621,punk
1622,indie_alt
1623,jazz
1624,punk
1625,classical
1626,punk
1627,hiphop
1628,classical
1629,rock
1630,romance
1631,romance
1632,indie_alt
1633,latin
1634,party
1635,indie_alt
1636,indie_alt
1637,rock
1638,country
1639,hiphop
1640,blues
1641,hiphop
1642,pop
1643,party
1644,pop
1645,latin
1646,metal
1647,romance
1648,blues
1649,jazz
1650,classical
1651,hiphop
1652,classical
1653,classical
1654,party
1655,indie_alt
1656,metal
1657,latin
1658,funk
1659,romance
1660,indie_alt
1661,rock
1662,indie_alt
1663,metal
1664,classical
1665,indie_alt
1666,funk
1667,rock
1668,jazz
1669,country
1670,hiphop
1671,party
1672,party
1673,jazz
1674,blues
1675,indie_alt
1676,classical
1677,indie_alt
1678,rock
1679,latin
1680,jazz
1681,indie_alt
1682,latin
1683,classical
1684,romance
1685,hiphop
1686,metal
1687,hiphop
1688,party
1689,classical
1690,party
1691,latin
1692,latin
1693,classical
1694,hiphop
1695,blues
1696,blues
1697,latin
1698,rock
1699,latin
1700,hiphop
1701,latin
1702,classical
1703,metal
1704,indie_alt
1705,country
1706,indie_alt
1707,funk
1708,classical
1709,classical
1710,country
1711,funk
1712,rock
1713,jazz
1714,indie_alt
1715,country
1716,metal
1717,classical
1718,punk
1719,metal
1720,classical
1721,punk
1722,reggae
1723,funk
1724,hiphop
1725,romance
1726,rock
1727,hiphop
1728,classical
1729,classical
1730,indie_alt
1731,romance
1732,rock
1733,romance
1734,jazz
1735,rock
1736,country
1737,blues
1738,country
1739,latin
1740,romance
1741,latin
1742,funk
1743,party
1744,romance
1745,rock
1746,classical
1747,latin
1748,indie_alt
1749,romance
1750,latin
1751,indie_alt
1752,rock
1753,funk
1754,metal
1755,latin
1756,metal
1757,latin
1758,party
1759,party
1760,rock
1761,funk
1762,jazz
1763,jazz
1764,rock
1765,romance
1766,classical
1767,indie_alt
1768,reggae
1769,metal
1770,hiphop
1771,classical
1772,classical
1773,party
1774,jazz
1775,metal
1776,indie_alt
1777,romance
1778,indie_alt
1779,jazz
1780,latin
1781,classical
1782,hiphop
1783,metal
1784,indie_alt
1785,party
1786,punk
1787,reggae
1788,metal
1789,classical
1790,reggae
1791,latin
1792,pop
1793,latin
1794,country
1795,romance
1796,hiphop
1797,romance
1798,metal
1799,reggae
1800,country
1801,metal
1802,hiphop
1803,latin
1804,hiphop
1805,country
1806,indie_alt
1807,classical
1808,party
1809,funk
1810,classical
1811,latin
1812,latin
1813,metal
1814,classical
1815,rock
1816,metal
1817,classical
1818,latin
1819,latin
1820,hiphop
1821,jazz
1822,latin
1823,hiphop
1824,latin
1825,funk
1826,metal
1827,classical
1828,latin
1829,indie_alt
1830,blues
1831,rock
1832,blues
1833,rock
1834,indie_alt
1835,romance
1836,hiphop
1837,funk
1838,latin
1839,hiphop
1840,country
1841,classical
1842,indie_alt
1843,classical
1844,jazz
1845,funk
1846,latin
1847,rock
1848,rock
1849,classical
1850,metal
1851,hiphop
1852,blues
1853,jazz
1854,metal
1855,pop
1856,classical
1857,romance
1858,funk
1859,pop
1860,hiphop
1861,classical
1862,jazz
1863,classical
1864,classical
1865,blues
1866,classical
1867,rock
1868,classical
1869,party
1870,reggae
1871,indie_alt
1872,classical
1873,party
1874,latin
1875,classical
1876,metal
1877,jazz
1878,latin
1879,country
1880,indie_alt
1881,jazz
1882,indie_alt
1883,latin
1884,latin
1885,pop
1886,blues
1887,romance
1888,hiphop
1889,metal
1890,rock
1891,metal
1892,metal
1893,romance
1894,funk
1895,country
1896,party
1897,latin
1898,punk
1899,latin
1900,metal
1901,latin
1902,metal
1903,metal
1904,romance
1905,metal
1906,funk
1907,indie_alt
1908,blues
1909,funk
1910,latin
1911,punk
1912,classical
1913,jazz
1914,rock
1915,reggae
1916,classical
1917,romance
1918,latin
1919,indie_alt
1920,country
1921,pop
1922,metal
1923,metal
1924,pop
1925,jazz
1926,latin
1927,hiphop
1928,metal
1929,hiphop
1930,jazz
1931,reggae
1932,metal
1933,classical
1934,hiphop
1935,rock
1936,party
1937,hiphop
1938,metal
1939,classical
1940,jazz
1941,latin
1942,metal
1943,classical
1944,classical
1945,rock
1946,classical
1947,indie_alt
1948,metal
1949,funk
1950,classical
1951,jazz
1952,country
1953,latin
1954,romance
1955,rock
1956,funk
1957,party
1958,latin
1959,classical
1960,classical
1961,indie_alt
1962,hiphop
1963,latin
1964,latin
1965,latin
1966,metal
1967,latin
1968,rock
1969,latin
1970,jazz
1971,classical
1972,metal
1973,pop
1974,blues
1975,party
1976,metal
1977,metal
1978,jazz
1979,classical
1980,metal
1981,funk
1982,funk
1983,party
1984,pop
1985,indie_alt
1986,country
1987,indie_alt
1988,hiphop
1989,latin
1990,jazz
1991,classical
1992,country
1993,party
1994,metal
1995,latin
1996,metal
1997,latin
1998,classical
1999,romance
2000,party
2001,romance
2002,rock
2003,latin
2004,romance
2005,romance
2006,romance
2007,classical
2008,latin
2009,rock
2010,metal
2011,blues
2012,blues
2013,pop
2014,metal
2015,latin
2016,jazz
2017,rock
2018,classical
2019,rock
2020,latin
2021,romance
2022,latin
2023,party
2024,party
2025,classical
2026,country
2027,latin
2028,metal
2029,latin
2030,pop
2031,metal
2032,latin
2033,classical
2034,latin
2035,classical
2036,romance
2037,classical
2038,latin
2039,romance
2040,indie_alt
2041,jazz
2042,latin
2043,romance
2044,hiphop
2045,metal
2046,jazz
2047,funk
2048,jazz
2049,classical
2050,jazz
2051,jazz
2052,classical
2053,rock
2054,classical
2055,country
2056,party
2057,party
2058,metal
2059,rock
2060,rock
2061,hiphop
2062,metal
2063,hiphop
2064,funk
2065,jazz
2066,pop
2067,classical
2068,reggae
2069,country
2070,rock
2071,blues
2072,latin
2073,metal
2074,hiphop
2075,indie_alt
2076,reggae
2077,latin
2078,rock
2079,rock
2080,jazz
2081,indie_alt
2082,classical
2083,punk
2084,latin
2085,rock
2086,hiphop
2087,punk
2088,party
2089,latin
2090,country
2091,pop
2092,indie_alt
2093,hiphop
2094,jazz
2095,classical
2096,jazz
2097,metal
2098,country
2099,jazz
2100,country
2101,jazz
2102,latin
2103,romance
2104,latin
2105,romance
2106,jazz
2107,funk
2108,funk
2109,metal
2110,country
2111,pop
2112,latin
2113,country
2114,romance
2115,jazz
2116,pop
2117,classical
2118,funk
2119,classical
2120,metal
2121,classical
2122,party
2123,hiphop
2124,metal
2125,classical
2126,hiphop
2127,rock
2128,classical
2129,classical
2130,metal
2131,hiphop
2132,rock
2133,pop
2134,blues
2135,latin
2136,classical
2137,jazz
2138,metal
2139,metal
2140,reggae
2141,indie_alt
2142,classical
2143,jazz
2144,romance
2145,classical
2146,party
2147,romance
2148,metal
2149,indie_alt
2150,romance
2151,party
2152,reggae
2153,jazz
2154,hiphop
2155,hiphop
2156,romance
2157,party
2158,latin
2159,country
2160,blues
2161,reggae
2162,reggae
2163,latin
2164,rock
2165,country
2166,pop
2167,pop
2168,romance
2169,hiphop
2170,indie_alt
2171,jazz
2172,romance
2173,rock
2174,latin
2175,rock
2176,latin
2177,punk
2178,indie_alt
2179,metal
2180,jazz
2181,reggae
2182,classical
2183,romance
2184,romance
2185,romance
2186,pop
2187,reggae
2188,classical
2189,latin
2190,indie_alt
2191,metal
2192,funk
2193,jazz
2194,romance
2195,latin
2196,reggae
2197,metal
2198,indie_alt
2199,hiphop
2200,romance
2201,punk
2202,classical
2203,jazz
2204,country
2205,jazz
2206,jazz
2207,funk
2208,indie_alt
2209,latin
2210,funk
2211,latin
2212,romance
2213,jazz
2214,romance
2215,metal
2216,metal
2217,funk
2218,funk
2219,latin
2220,classical
2221,rock
2222,metal
2223,latin
2224,metal
2225,classical
2226,indie_alt
2227,latin
2228,metal
2229,classical
2230,rock
2231,country
2232,blues
2233,punk
2234,metal
2235,jazz
2236,classical
2237,indie_alt
2238,classical
2239,pop
2240,indie_alt
2241,blues
2242,rock
2243,party
2244,metal
2245,metal
2246,hiphop
2247,pop
2248,rock
2249,latin
2250,classical
2251,latin
2252,romance
2253,romance
2254,metal
2255,rock
2256,funk
2257,classical
2258,party
2259,rock
2260,rock
2261,classical
2262,hiphop
2263,classical
2264,pop
2265,latin
2266,indie_alt
2267,hiphop
2268,indie_alt
2269,hiphop
2270,latin
2271,hiphop
2272,latin
2273,classical
2274,latin
2275,funk
2276,latin
2277,metal
2278,pop
2279,blues
2280,latin
2281,romance
2282,punk
2283,romance
2284,blues
2285,indie_alt
2286,metal
2287,hiphop
2288,metal
2289,latin
2290,indie_alt
2291,indie_alt
2292,latin
2293,classical
2294,indie_alt
2295,latin
2296,country
2297,latin
2298,pop
2299,punk
2300,party
2301,latin
2302,rock
2303,indie_alt
2304,hiphop
2305,romance
2306,pop
2307,classical
2308,blues
2309,funk
2310,funk
2311,hiphop
2312,hiphop
2313,latin
2314,latin
2315,reggae
2316,jazz
2317,classical
2318,metal
2319,latin
2320,blues
2321,pop
2322,metal
2323,blues
2324,romance
2325,country
2326,indie_alt
2327,rock
2328,classical
2329,classical
2330,rock
2331,metal
2332,jazz
2333,pop
2334,rock
2335,rock
2336,party
2337,romance
2338,pop
2339,classical
2340,jazz
2341,metal
2342,rock
2343,funk
2344,funk
2345,blues
2346,rock
2347,country
2348,hiphop
2349,classical
2350,romance
2351,indie_alt
2352,indie_alt
2353,latin
2354,indie_alt
2355,indie_alt
2356,jazz
2357,funk
2358,romance
2359,metal
2360,country
2361,blues
2362,pop
2363,classical
2364,classical
2365,indie_alt
2366,funk
2367,latin
2368,rock
2369,jazz
2370,indie_alt
2371,indie_alt
2372,indie_alt
2373,jazz
2374,rock
2375,romance
2376,romance
2377,classical
2378,metal
2379,indie_alt
2380,country
2381,metal
2382,rock
2383,indie_alt
2384,indie_alt
2385,classical
2386,latin
2387,classical
2388,party
2389,pop
2390,classical
2391,pop
2392,latin
2393,latin
2394,hiphop
2395,rock
2396,classical
2397,rock
2398,pop
2399,indie_alt
2400,jazz
2401,country
2402,party
2403,blues
2404,metal
2405,latin
2406,latin
2407,latin
2408,rock
2409,metal
2410,reggae
2411,indie_alt
2412,romance
2413,jazz
2414,latin
2415,hiphop
2416,indie_alt
2417,metal
2418,latin
2419,party
2420,metal
2421,rock
2422,metal
2423,romance
2424,latin
2425,latin
2426,rock
2427,latin
2428,romance
2429,romance
2430,romance
2431,metal
2432,country
2433,jazz
2434,indie_alt
2435,indie_alt
2436,metal
2437,latin
2438,classical
2439,jazz
2440,rock
2441,pop
2442,metal
2443,country
2444,rock
2445,metal
2446,rock
2447,jazz
2448,blues
2449,romance
2450,metal
2451,metal
2452,party
2453,latin
2454,pop
2455,rock
2456,latin
2457,party
2458,latin
2459,rock
2460,jazz
2461,party
2462,latin
2463,metal
2464,punk
2465,jazz
2466,pop
2467,punk
2468,party
2469,indie_alt
2470,indie_alt
2471,classical
2472,classical
2473,indie_alt
2474,blues
2475,classical
2476,country
2477,classical
2478,latin
2479,blues
2480,funk
2481,latin
2482,jazz
2483,indie_alt
2484,party
2485,classical
2486,pop
2487,latin
2488,latin
2489,latin
2490,indie_alt
2491,metal
2492,romance
2493,romance
2494,classical
2495,indie_alt
2496,funk
2497,rock
2498,metal
2499,party
2500,funk
2501,metal
2502,party
2503,metal
2504,latin
2505,classical
2506,romance
2507,jazz
2508,classical
2509,indie_alt
2510,classical
2511,latin
2512,blues
2513,country
2514,latin
2515,romance
2516,hiphop
2517,indie_alt
2518,romance
2519,jazz
2520,rock
2521,punk
2522,country
2523,classical
2524,pop
2525,latin
2526,rock
2527,rock
2528,reggae
2529,indie_alt
2530,romance
2531,metal
2532,indie_alt
2533,pop
2534,jazz
2535,romance
2536,metal
2537,classical
2538,latin
2539,punk
2540,classical
2541,party
2542,country
2543,hiphop
2544,jazz
2545,hiphop
2546,funk
2547,rock
2548,hiphop
2549,latin
2550,classical
2551,metal
2552,classical
2553,metal
2554,classical
2555,latin
2556,indie_alt
2557,romance
2558,country
2559,indie_alt
2560,funk
2561,indie_alt
2562,pop
2563,funk
2564,classical
2565,classical
2566,funk
2567,pop
2568,rock
2569,country
2570,classical
2571,metal
2572,latin
2573,indie_alt
2574,jazz
2575,classical
2576,country
2577,rock
2578,metal
2579,romance
2580,country
2581,rock
2582,jazz
2583,country
2584,reggae
2585,classical
2586,romance
2587,rock
2588,classical
2589,jazz
2590,reggae
2591,indie_alt
2592,party
2593,reggae
2594,metal
2595,metal
2596,party
2597,classical
2598,romance
2599,classical
2600,romance
2601,hiphop
2602,jazz
2603,latin
2604,latin
2605,indie_alt
2606,blues
2607,funk
2608,hiphop
2609,pop
2610,funk
2611,latin
2612,funk
2613,classical
2614,rock
2615,classical
2616,funk
2617,classical
2618,latin
2619,classical
2620,hiphop
2621,rock
2622,romance
2623,indie_alt
2624,classical
2625,punk
2626,hiphop
2627,romance
2628,latin
2629,latin
2630,hiphop
2631,jazz
2632,rock
2633,latin
2634,latin
2635,latin
2636,rock
2637,classical
2638,country
2639,blues
2640,classical
2641,party
2642,pop
2643,party
2644,hiphop
2645,metal
2646,jazz
2647,metal
2648,romance
2649,romance
2650,jazz
2651,funk
2652,party
2653,metal
2654,classical
2655,party
2656,indie_alt
2657,rock
2658,country
2659,jazz
2660,metal
2661,romance
2662,blues
2663,metal
2664,jazz
2665,classical
2666,blues
2667,classical
2668,indie_alt
2669,jazz
2670,hiphop
2671,blues
2672,hiphop
2673,latin
2674,indie_alt
2675,hiphop
2676,metal
2677,metal
2678,latin
2679,classical
2680,rock
2681,metal
2682,metal
2683,metal
2684,rock
2685,hiphop
2686,jazz
2687,hiphop
2688,party
2689,metal
2690,reggae
2691,indie_alt
2692,indie_alt
2693,country
2694,metal
2695,blues
2696,latin
2697,hiphop
2698,latin
2699,indie_alt
2700,metal
2701,rock
2702,metal
2703,metal
2704,indie_alt
2705,rock
2706,metal
2707,latin
2708,metal
2709,rock
2710,rock
2711,jazz
2712,latin
2713,classical
2714,metal
2715,romance
2716,indie_alt
2717,indie_alt
2718,classical
2719,classical
2720,classical
2721,metal
2722,party
2723,metal
2724,reggae
2725,punk
2726,classical
2727,hiphop
2728,metal
2729,indie_alt
2730,country
2731,rock
2732,classical
2733,classical
2734,indie_alt
2735,classical
2736,classical
2737,latin
2738,pop
2739,romance
2740,classical
2741,jazz
2742,country
2743,jazz
2744,metal
2745,metal
2746,romance
2747,reggae
2748,pop
2749,jazz
2750,classical
2751,country
2752,metal
2753,classical
2754,pop
2755,metal
2756,hiphop
2757,reggae
2758,romance
2759,reggae
2760,jazz
2761,blues
2762,classical
2763,classical
2764,punk
2765,metal
2766,metal
2767,jazz
2768,classical
2769,latin
2770,metal
2771,party
2772,country
2773,metal
2774,jazz
2775,funk
2776,romance
2777,indie_alt
2778,latin
2779,latin
2780,metal
2781,classical
2782,classical
2783,latin
2784,classical
2785,romance
2786,indie_alt
2787,classical
2788,romance
2789,blues
2790,classical
2791,metal
2792,reggae
2793,rock
2794,latin
2795,indie_alt
2796,blues
2797,metal
2798,romance
2799,metal
2800,jazz
2801,indie_alt
2802,classical
2803,latin
2804,funk
2805,metal
2806,classical
2807,jazz
2808,funk
2809,country
2810,country
2811,latin
2812,classical
2813,metal
2814,classical
2815,reggae
2816,latin
2817,romance
2818,latin
2819,jazz
2820,latin
2821,country
2822,latin
2823,funk
2824,reggae
2825,jazz
2826,pop
2827,punk
2828,jazz
2829,rock
2830,classical
2831,party
2832,romance
2833,latin
2834,metal
2835,metal
2836,pop
2837,classical
2838,classical
2839,classical
2840,jazz
2841,latin
2842,classical
2843,latin
2844,classical
2845,metal
2846,rock
2847,metal
2848,latin
2849,hiphop
2850,romance
2851,rock
2852,classical
2853,metal
2854,party
2855,party
2856,reggae
2857,indie_alt
2858,country
2859,latin
2860,country
2861,metal
2862,classical
2863,rock
2864,blues
2865,classical
2866,classical
2867,classical
2868,metal
2869,blues
2870,classical
2871,rock
2872,party
2873,classical
2874,rock
2875,latin
2876,country
2877,metal
2878,funk
2879,latin
2880,romance
2881,indie_alt
2882,latin
2883,funk
2884,latin
2885,classical
2886,classical
2887,country
2888,romance
2889,funk
2890,classical
2891,pop
2892,metal
2893,latin
2894,rock
2895,rock
2896,classical
2897,punk
2898,country
2899,classical
2900,metal
2901,latin
2902,metal
2903,funk
2904,classical
2905,classical
2906,latin
2907,metal
2908,funk
2909,latin
2910,hiphop
2911,latin
2912,metal
2913,hiphop
2914,romance
2915,classical
2916,latin
2917,indie_alt
2918,punk
2919,country
2920,latin
2921,punk
2922,latin
2923,latin
2924,metal
2925,classical
2926,latin
2927,hiphop
2928,rock
2929,country
2930,latin
2931,rock
2932,metal
2933,latin
2934,indie_alt
2935,reggae
2936,jazz
2937,indie_alt
2938,latin
2939,country
2940,jazz
2941,latin
2942,jazz
2943,rock
2944,hiphop
2945,funk
2946,classical
2947,rock
2948,latin
2949,indie_alt
2950,classical
2951,latin
2952,indie_alt
2953,classical
2954,latin
2955,jazz
2956,pop
2957,indie_alt
2958,metal
2959,classical
2960,rock
2961,classical
2962,pop
2963,jazz
2964,jazz
2965,romance
2966,rock
2967,metal
2968,rock
2969,classical
2970,latin
2971,classical
2972,classical
2973,latin
2974,jazz
2975,metal
2976,metal
2977,party
2978,metal
2979,metal
2980,indie_alt
2981,hiphop
2982,classical
2983,jazz
2984,latin
2985,country
2986,metal
2987,pop
2988,hiphop
2989,blues
2990,metal
2991,classical
2992,latin
2993,pop
2994,metal
2995,reggae
2996,metal
2997,party
2998,classical
2999,romance
3000,latin
3001,jazz
3002,hiphop
3003,country
3004,jazz
3005,romance
3006,reggae
3007,jazz
3008,latin
3009,romance
3010,funk
3011,country
3012,metal
3013,metal
3014,blues
3015,jazz
3016,latin
3017,latin
3018,indie_alt
3019,indie_alt
3020,romance
3021,funk
3022,classical
3023,blues
3024,classical
3025,pop
3026,party
3027,romance
3028,indie_alt
3029,classical
3030,punk
3031,jazz
3032,pop
3033,punk
3034,country
3035,country
3036,metal
3037,latin
3038,hiphop
3039,blues
3040,party
3041,romance
3042,romance
3043,latin
3044,hiphop
3045,latin
3046,latin
3047,classical
3048,classical
3049,metal
3050,metal
3051,classical
3052,metal
3053,classical
3054,jazz
3055,metal
3056,classical
3057,funk
3058,party
3059,country
3060,indie_alt
3061,romance
3062,jazz
3063,rock
3064,classical
3065,funk
3066,classical
3067,latin
3068,rock
3069,jazz
3070,rock
3071,classical
3072,party
3073,classical
3074,country
3075,metal
3076,blues
3077,metal
3078,romance
3079,jazz
3080,party
3081,rock
3082,rock
3083,metal
3084,indie_alt
3085,latin
3086,blues
3087,classical
3088,jazz
3089,blues
3090,rock
3091,classical
3092,metal
3093,jazz
3094,romance
3095,classical
3096,classical
3097,funk
3098,rock
3099,romance
3100,blues
3101,funk
3102,metal
3103,indie_alt
3104,pop
3105,latin
3106,classical
3107,funk
3108,romance
3109,classical
3110,blues
3111,jazz
3112,classical
3113,classical
3114,hiphop
3115,party
3116,classical
3117,hiphop
3118,punk
3119,classical
3120,metal
3121,metal
3122,metal
3123,hiphop
3124,latin
3125,romance
3126,country
3127,jazz
3128,indie_alt
3129,jazz
3130,classical
3131,classical
3132,romance
3133,punk
3134,metal
3135,classical
3136,funk
3137,jazz
3138,country
3139,classical
3140,metal
3141,latin
3142,latin
3143,punk
3144,metal
3145,pop
3146,latin
3147,jazz
3148,country
3149,classical
3150,metal
3151,classical
3152,metal
3153,latin
3154,jazz
3155,rock
3156,metal
3157,romance
3158,metal
3159,latin
3160,jazz
3161,funk
3162,party
3163,classical
3164,jazz
3165,indie_alt
3166,punk
3167,reggae
3168,hiphop
3169,pop
3170,classical
3171,indie_alt
3172,jazz
3173,party
3174,blues
3175,funk
3176,jazz
3177,latin
3178,indie_alt
3179,metal
3180,jazz
3181,indie_alt
3182,classical
3183,metal
3184,country
3185,hiphop
3186,romance
3187,classical
3188,metal
3189,blues
3190,party
3191,rock
3192,classical
3193,romance
3194,latin
3195,country
3196,country
3197,blues
3198,blues
3199,country
3200,classical
3201,blues
3202,indie_alt
3203,jazz
3204,latin
3205,hiphop
3206,metal
3207,blues
3208,classical
3209,metal
3210,reggae
3211,party
3212,rock
3213,jazz
3214,latin
3215,classical
3216,punk
3217,classical
3218,latin
3219,classical
3220,latin
3221,pop
3222,classical
3223,metal
3224,funk
3225,rock
3226,metal
3227,hiphop
3228,metal
3229,indie_alt
3230,funk
3231,latin
3232,hiphop
3233,latin
3234,rock
3235,rock
3236,classical
3237,blues
3238,classical
3239,latin
3240,indie_alt
3241,funk
3242,hiphop
3243,indie_alt
3244,metal
3245,jazz
3246,latin
3247,pop
3248,pop
3249,latin
3250,latin
3251,romance
3252,romance
3253,classical
3254,romance
3255,indie_alt
3256,latin
3257,country
3258,rock
3259,romance
3260,punk
3261,indie_alt
3262,classical
3263,metal
3264,latin
3265,romance
3266,country
3267,classical
3268,funk
3269,party
3270,romance
3271,jazz
3272,rock
3273,latin
3274,pop
3275,indie_alt
3276,metal
3277,rock
3278,hiphop
3279,reggae
3280,pop
3281,metal
3282,pop
3283,blues
3284,indie_alt
3285,indie_alt
3286,country
3287,hiphop
3288,metal
3289,metal
3290,latin
3291,indie_alt
3292,rock
3293,metal
3294,metal
3295,metal
3296,latin
3297,classical
3298,romance
3299,rock
3300,classical
3301,metal
3302,metal
3303,classical
3304,rock
3305,metal
3306,classical
3307,latin
3308,metal
3309,jazz
3310,indie_alt
3311,funk
3312,country
3313,latin
3314,country
3315,rock
3316,metal
3317,classical
3318,classical
3319,funk
3320,metal
3321,latin
3322,jazz
3323,indie_alt
3324,party
3325,classical
3326,classical
3327,romance
3328,blues
3329,punk
3330,rock
3331,hiphop
3332,indie_alt
3333,funk
3334,hiphop
3335,classical
3336,jazz
3337,classical
3338,pop
3339,hiphop
3340,classical
3341,party
3342,funk
3343,classical
3344,classical
3345,latin
3346,metal
3347,punk
3348,latin
3349,classical
3350,classical
3351,blues
3352,indie_alt
3353,party
3354,metal
3355,rock
3356,pop
3357,indie_alt
3358,classical
3359,classical
3360,romance
3361,punk
3362,reggae
3363,hiphop
3364,classical
3365,rock
3366,party
3367,romance
3368,classical
3369,indie_alt
3370,jazz
3371,country
3372,latin
3373,metal
3374,latin
3375,reggae
3376,jazz
3377,rock
3378,blues
3379,blues
3380,classical
3381,metal
3382,rock
3383,jazz
3384,metal
3385,hiphop
3386,latin
3387,classical
3388,indie_alt
3389,classical
3390,pop
3391,jazz
3392,hiphop
3393,romance
3394,classical
3395,punk
3396,reggae
3397,latin
3398,classical
3399,classical
3400,metal
3401,metal
3402,classical
3403,funk
3404,punk
3405,pop
3406,indie_alt
3407,hiphop
3408,latin
3409,jazz
3410,indie_alt
3411,metal
3412,funk
3413,latin
3414,classical
3415,pop
3416,pop
3417,romance
3418,latin
3419,funk
3420,metal
3421,pop
3422,latin
3423,blues
3424,classical
3425,rock
3426,pop
3427,indie_alt
3428,romance
3429,party
3430,hiphop
3431,punk
3432,metal
3433,pop
3434,rock
3435,party
3436,pop
3437,latin
3438,jazz
3439,pop
3440,romance
3441,reggae
3442,metal
3443,metal
3444,latin
3445,classical
3446,rock
3447,jazz
3448,classical
3449,party
3450,rock
3451,hiphop
3452,classical
3453,rock
3454,rock
3455,indie_alt
3456,pop
3457,reggae
3458,funk
3459,classical
3460,funk
3461,party
3462,pop
3463,indie_alt
3464,pop
3465,metal
3466,metal
3467,jazz
3468,hiphop
3469,metal
3470,rock
3471,romance
3472,classical
3473,classical
3474,party
3475,jazz
3476,latin
3477,rock
3478,latin
3479,punk
3480,classical
3481,jazz
3482,latin
3483,latin
3484,romance
3485,latin
3486,metal
3487,classical
3488,latin
3489,indie_alt
3490,jazz
3491,punk
3492,indie_alt
3493,blues
3494,blues
3495,latin
3496,rock
3497,metal
3498,rock
3499,indie_alt
3500,funk
3501,romance
3502,reggae
3503,country
3504,reggae
3505,indie_alt
3506,funk
3507,latin
3508,jazz
3509,latin
3510,classical
3511,latin
3512,latin
3513,indie_alt
3514,classical
3515,romance
3516,indie_alt
3517,blues
3518,party
3519,country
3520,metal
3521,funk
3522,metal
3523,latin
3524,classical
3525,latin
3526,latin
3527,hiphop
3528,party
3529,metal
3530,classical
3531,rock
3532,hiphop
3533,hiphop
3534,romance
3535,latin
3536,classical
3537,country
3538,punk
3539,jazz
3540,country
3541,metal
3542,metal
3543,jazz
3544,metal
3545,rock
3546,punk
3547,funk
3548,latin
3549,country
3550,blues
3551,metal
3552,romance
3553,rock
3554,reggae
3555,latin
3556,indie_alt
3557,latin
3558,hiphop
3559,party
3560,romance
3561,hiphop
3562,classical
3563,metal
3564,jazz
3565,classical
3566,metal
3567,jazz
3568,country
3569,metal
3570,metal
3571,jazz
3572,latin
3573,classical
3574,reggae
3575,party
3576,blues
3577,hiphop
3578,classical
3579,classical
3580,funk
3581,pop
3582,classical
3583,party
3584,classical
3585,party
3586,classical
3587,indie_alt
3588,metal
3589,hiphop
3590,metal
3591,classical
3592,classical
3593,indie_alt
3594,party
3595,latin
3596,latin
3597,hiphop
3598,metal
3599,metal
3600,romance
3601,latin
3602,hiphop
3603,metal
3604,classical
3605,metal
3606,latin
3607,jazz
3608,latin
3609,romance
3610,metal
3611,indie_alt
3612,metal
3613,latin
3614,latin
3615,classical
3616,country
3617,party
3618,classical
3619,jazz
3620,reggae
3621,latin
3622,punk
3623,classical
3624,indie_alt
3625,punk
3626,jazz
3627,metal
3628,classical
3629,hiphop
3630,classical
3631,hiphop
3632,indie_alt
3633,rock
3634,metal
3635,blues
3636,classical
3637,rock
3638,pop
3639,indie_alt
3640,latin
3641,indie_alt
3642,latin
3643,funk
3644,classical
3645,metal
3646,jazz
3647,punk
3648,indie_alt
3649,jazz
3650,latin
3651,indie_alt
3652,classical
3653,latin
3654,latin
3655,indie_alt
3656,romance
3657,indie_alt
3658,metal
3659,country
3660,metal
3661,metal
3662,country
3663,romance
3664,blues
3665,funk
3666,metal
3667,romance
3668,country
3669,metal
3670,romance
3671,romance
3672,rock
3673,romance
3674,indie_alt
3675,jazz
3676,party
3677,latin
3678,party
3679,party
3680,metal
3681,funk
3682,hiphop
3683,hiphop
3684,metal
3685,classical
3686,latin
3687,hiphop
3688,latin
3689,classical
3690,classical
3691,latin
3692,funk
3693,hiphop
3694,classical
3695,romance
3696,classical
3697,rock
3698,party
3699,classical
3700,classical
3701,hiphop
3702,metal
3703,classical
3704,classical
3705,indie_alt
3706,jazz
3707,jazz
3708,metal
3709,hiphop
3710,classical
3711,funk
3712,blues
3713,blues
3714,latin
3715,latin
3716,country
3717,latin
3718,punk
3719,jazz
3720,classical
3721,classical
3722,party
3723,metal
3724,jazz
3725,funk
3726,latin
3727,party
3728,latin
3729,metal
3730,funk
3731,latin
3732,classical
3733,metal
3734,latin
3735,hiphop
3736,funk
3737,romance
3738,latin
3739,jazz
3740,classical
3741,punk
3742,party
3743,latin
3744,indie_alt
3745,classical
3746,classical
3747,indie_alt
3748,latin
3749,rock
3750,latin
3751,party
3752,rock
3753,latin
3754,classical
3755,funk
3756,reggae
3757,reggae
3758,party
3759,rock
3760,rock
3761,romance
3762,jazz
3763,classical
3764,romance
3765,funk
3766,party
3767,country
3768,classical
3769,hiphop
3770,latin
3771,indie_alt
3772,classical
3773,metal
3774,jazz
3775,pop
3776,metal
3777,pop
3778,indie_alt
3779,indie_alt
3780,hiphop
3781,classical
3782,metal
3783,country
3784,hiphop
3785,classical
3786,indie_alt
3787,rock
3788,latin
3789,classical
3790,classical
3791,latin
3792,pop
3793,metal
3794,hiphop
3795,indie_alt
3796,rock
3797,classical
3798,hiphop
3799,hiphop
3800,romance
3801,jazz
3802,romance
3803,latin
3804,latin
3805,jazz
3806,indie_alt
3807,party
3808,party
3809,punk
3810,jazz
3811,metal
3812,punk
3813,romance
3814,romance
3815,rock
3816,metal
3817,pop
3818,hiphop
3819,rock
3820,indie_alt
3821,latin
3822,latin
3823,rock
3824,hiphop
3825,pop
3826,romance
3827,latin
3828,punk
3829,classical
3830,romance
3831,romance
3832,punk
3833,metal
3834,reggae
3835,funk
3836,romance
3837,classical
3838,metal
3839,party
3840,hiphop
3841,metal
3842,indie_alt
3843,classical
3844,indie_alt
3845,latin
3846,metal
3847,indie_alt
3848,funk
3849,romance
3850,jazz
3851,romance
3852,funk
3853,jazz
3854,jazz
3855,country
3856,latin
3857,hiphop
3858,romance
3859,party
3860,hiphop
3861,classical
3862,jazz
3863,party
3864,country
3865,metal
3866,classical
3867,indie_alt
3868,latin
3869,punk
3870,hiphop
3871,hiphop
3872,classical
3873,country
3874,metal
3875,party
3876,metal
3877,indie_alt
3878,indie_alt
3879,romance
3880,hiphop
3881,party
3882,latin
3883,metal
3884,latin
3885,classical
3886,rock
3887,latin
3888,hiphop
3889,reggae
3890,classical
3891,metal
3892,funk
3893,blues
3894,jazz
3895,classical
3896,funk
3897,blues
3898,latin
3899,latin
3900,metal
3901,latin
3902,rock
3903,classical
3904,classical
3905,country
3906,latin
3907,pop
3908,jazz
3909,punk
3910,punk
3911,party
3912,country
3913,party
3914,metal
3915,metal
3916,classical
3917,classical
3918,country
3919,romance
3920,classical
3921,indie_alt
3922,classical
3923,romance
3924,latin
3925,latin
3926,romance
3927,latin
3928,latin
3929,party
3930,indie_alt
3931,punk
3932,hiphop
3933,metal
3934,classical
3935,metal
3936,indie_alt
3937,party
3938,metal
3939,punk
3940,pop
3941,hiphop
3942,funk
3943,party
3944,hiphop
3945,indie_alt
3946,latin
3947,pop
3948,metal
3949,hiphop
3950,classical
3951,rock
3952,romance
3953,romance
3954,classical
3955,party
3956,rock
3957,party
3958,classical
3959,funk
3960,jazz
3961,classical
3962,rock
3963,hiphop
3964,romance
3965,classical
3966,funk
3967,pop
3968,punk
3969,latin
3970,rock
3971,punk
3972,classical
3973,rock
3974,latin
3975,jazz
3976,pop
3977,classical
3978,jazz
3979,latin
3980,party
3981,latin
3982,party
3983,jazz
3984,romance
3985,romance
3986,jazz
3987,metal
3988,metal
3989,hiphop
3990,rock
3991,jazz
3992,metal
3993,latin
3994,rock
3995,romance
3996,jazz
3997,indie_alt
3998,latin
3999,pop
4000,latin
4001,classical
4002,classical
4003,rock
4004,romance
4005,metal
4006,metal
4007,classical
4008,romance
4009,funk
4010,jazz
4011,hiphop
4012,classical
4013,classical
4014,rock
4015,jazz
4016,jazz
4017,latin
4018,country
4019,latin
4020,latin
4021,rock
4022,party
4023,hiphop
4024,romance
4025,pop
4026,latin
4027,country
4028,pop
4029,indie_alt
4030,party
4031,party
4032,romance
4033,romance
4034,classical
4035,blues
4036,romance
4037,classical
4038,reggae
4039,country
4040,jazz
4041,indie_alt
4042,funk
4043,latin
4044,hiphop
4045,classical
4046,romance
4047,latin
4048,metal
4049,latin
4050,romance
4051,funk
4052,latin
4053,jazz
4054,latin
4055,country
4056,indie_alt
4057,jazz
4058,classical
4059,party
4060,romance
4061,classical
4062,rock
4063,classical
4064,rock
4065,jazz
4066,punk
4067,romance
4068,metal
4069,classical
4070,latin
4071,funk
4072,country
4073,reggae
4074,jazz
4075,hiphop
4076,country
4077,classical
4078,classical
4079,metal
4080,jazz
4081,metal
4082,latin
4083,funk
4084,latin
4085,classical
4086,latin
4087,hiphop
4088,latin
4089,classical
4090,classical
4091,indie_alt
4092,romance
4093,romance
4094,metal
4095,latin
4096,blues
4097,hiphop
4098,metal
4099,latin
4100,pop
4101,pop
4102,indie_alt
4103,latin
4104,latin
4105,party
4106,hiphop
4107,latin
4108,latin
4109,rock
4110,funk
4111,metal
4112,hiphop
4113,classical
4114,funk
4115,hiphop
4116,rock
4117,rock
4118,latin
4119,pop
4120,classical
4121,classical
4122,country
4123,blues
4124,classical
4125,classical
4126,classical
4127,hiphop
4128,indie_alt
4129,latin
4130,latin
4131,classical
4132,reggae
4133,latin
4134,jazz
4135,jazz
4136,metal
4137,classical
4138,party
4139,reggae
4140,rock
4141,party
4142,latin
4143,indie_alt
4144,classical
4145,classical
